record_time_s,sim_time_s,target_forward_speed_m_s,target_yaw_rate_rad_s,position_x_m,position_y_m,position_z_m,estimated_pitch_deg,truth_pitch_deg,estimated_pitch_rate_deg_s,truth_pitch_rate_deg_s,truth_yaw_deg,estimated_yaw_rate_deg_s,truth_yaw_rate_deg_s,estimated_forward_speed_m_s,truth_forward_speed_m_s,left_wheel_speed_rad_s,right_wheel_speed_rad_s,left_motor_torque_nm,right_motor_torque_nm,contact_count,controller_mode
0.002,10.832000000000287,0.3,0.4,1.5472343134178008,0.11962275053625068,0.09183105676548109,-1.6120458338617119,-1.6082387899993,0.32107621872349196,0.333640068585432,15.787266767480416,4.9308701359567335,4.923516717660745,0.2728873933528511,0.2739306021186487,1.624024062143468,1.7984687801307013,-0.21867341636604182,-0.01204371068583647,4,FREE
0.01,10.84000000000029,0.3,0.4,1.5493492221663225,0.1202198270955131,0.09173876826007664,-1.6093042632239096,-1.6067641332243647,0.3905936598254518,0.22442589501435614,15.82674224154312,5.2538370194382065,4.930181112129888,0.27413829911065707,0.2743368392612911,1.6293014614234342,1.8038979009244487,-0.21102388020052276,-0.0061715704516638326,4,FREE
0.020000000000000004,10.850000000000293,0.3,0.4,1.551993924923998,0.12096869411067653,0.0916232900823268,-1.6070185637852257,-1.6054105526720044,0.4048572419698647,0.21799018975058088,15.876199761004242,4.999776743617595,4.947183956473704,0.27428891297271557,0.27434346653079883,1.626292895962068,1.801692279998472,-0.23219828036875356,-0.023007636148689933,4,FREE
0.030000000000000013,10.860000000000296,0.3,0.4,1.55463363311737,0.12171859732626972,0.09150796293005312,-1.6057740853581939,-1.6029360517317692,-0.24954379532960033,0.34881434660841737,15.925679771233815,5.258337735999911,4.940213618721555,0.27458739583898134,0.2738211853835966,1.6239753997323876,1.7987222898655648,-0.20607845497287658,-0.004933487183882562,4,FREE
0.04000000000000002,10.8700000000003,0.3,0.4,1.5572772663000403,0.12247207429507843,0.09139252448117977,-1.6034202301635272,-1.6017370582149715,0.035469122631965,0.14503549538888974,15.974895781547598,5.05004627203811,4.909959667025974,0.2736558311267561,0.2745903490547064,1.631885388624322,1.805177898948458,-0.21201432731028813,-0.019058921599071563,4,FREE
0.05000000000000003,10.880000000000303,0.3,0.4,1.5599274081269403,0.12322986699115633,0.09127684996347453,-1.6018784430103812,-1.602504701067987,-0.13094585681144708,-0.1010361421033472,16.023653902459866,4.682060479916644,4.871391685489346,0.27437501429705974,0.2755228263092818,1.6462984954698368,1.8186765514617478,-0.1895080491211107,0.011758214420491075,4,FREE
0.06000000000000004,10.890000000000306,0.3,0.4,1.56259294927211,0.12399455709035492,0.09116056980145128,-1.601982811330193,-1.6076416913117524,0.4241613518061264,-0.5305131714598921,16.072233237089822,4.708027608056949,4.85799464838808,0.27539455062619494,0.27716032481675407,1.6634093125983578,1.8352307937423509,-0.19589303122144677,0.002524047986970396,4,FREE
0.07000000000000005,10.90000000000031,0.3,0.4,1.5652601897745961,0.1247622076881012,0.09104410940693432,-1.6063102666455413,-1.6134691709550362,0.09001330215026591,-0.47115353930619763,16.12085159741281,4.672642871008297,4.870703458769339,0.2761458795837481,0.27690731334711277,1.6593089551743578,1.831908673520559,-0.20463015957977077,-0.00016409163825717443,4,FREE
0.08000000000000006,10.910000000000313,0.3,0.4,1.5679324364512703,0.1255337790500277,0.09092742942687822,-1.612292540561188,-1.6208977296718667,-0.743279169092782,-0.7281514659765135,16.169591004716292,4.862172891943552,4.882271226582899,0.2767327608303364,0.27786747426196934,1.6684349723574061,1.8413149147309682,-0.2136711309363672,-0.011658712068570151,4,FREE
0.09000000000000007,10.920000000000316,0.3,0.4,1.570605081639762,0.12630792372876215,0.09081068592674806,-1.6192709404540757,-1.6286983017440435,-0.3333521796479744,-0.6723622397066228,16.21828986772977,4.69834496418097,4.87418010005207,0.2778994527304709,0.27761479536980205,1.66196412721623,1.8344181472208014,-0.24095525332857165,-0.04173993268982701,4,FREE
0.10000000000000007,10.93000000000032,0.3,0.4,1.5732699008901554,0.12708223754248915,0.0906942361818468,-1.627366506726308,-1.6346705269082826,-1.0127727996547435,-0.5363004763937002,16.266806448863676,5.178332032596323,4.851161673120556,0.27818334763485286,0.2770455382022501,1.659234029394155,1.8307753506789737,-0.21955105134075525,-0.02268957466189407,4,FREE
0.11000000000000008,10.940000000000323,0.3,0.4,1.575923200917071,0.1278556298868341,0.09057825527633712,-1.633480266707727,-1.6378342726196933,-0.8133032924329786,-0.16984366645429733,16.31528396053776,4.2965434209755635,4.851012643743595,0.2770414357294149,0.2755834333443161,1.638454106580628,1.810167849523539,-0.2566026976267499,-0.056894862363544796,4,FREE
0.12000000000000009,10.950000000000326,0.3,0.4,1.5785575213465721,0.12862588936193559,0.09046308480085799,-1.6376050888578972,-1.6361863569768886,-0.24943157801183036,0.2958729804151337,16.363772223133626,4.974884904571728,4.842446914803443,0.27550951184416117,0.27373669680789137,1.6235836200715454,1.7949359740714381,-0.2213686880861221,-0.023052948777392293,4,FREE
0.1300000000000001,10.96000000000033,0.3,0.4,1.5811867734280662,0.1293970825664454,0.09034826793013184,-1.6366669051461347,-1.6334800815596382,0.19273915758396576,0.3468053985341968,16.41225194769347,4.900792262305534,4.846642920601655,0.273540468618729,0.27349145967975286,1.620477008940261,1.792327749357229,-0.22949905244159863,-0.024093501245755364,4,FREE
0.1400000000000001,10.970000000000333,0.3,0.4,1.5838129665383336,0.13016980113225296,0.09023365331128283,-1.6340909177177358,-1.630253346725359,-0.08056906762270998,0.38243606179639444,16.46090333257512,5.551032478496795,4.8593681791573315,0.2737452974032565,0.2733079540761951,1.6195012439896666,1.7916114081072043,-0.22146917438879382,-0.019751554659984807,4,FREE
0.1500000000000001,10.980000000000336,0.3,0.4,1.5864335177143591,0.130943276674185,0.09011927450288945,-1.6308954820411072,-1.6258022655731006,0.3346759610098143,0.552096643933628,16.509758290836796,4.654091926637188,4.887188395962185,0.27287619508100336,0.2726104009087566,1.61059566292599,1.7833674709047402,-0.22634876882285865,-0.03127334327820232,4,FREE
0.16000000000000011,10.99000000000034,0.3,0.4,1.5890497429112302,0.13171787817470634,0.090005091987028,-1.6268365806581524,-1.620469441485675,-0.09924529555425911,0.5786401678728247,16.558428832769124,3.9972396799014382,4.852727138442173,0.2728052554369024,0.27246803715068313,1.6143545285572072,1.7860886904981084,-0.19596236212720575,0.0037335872585786134,4,FREE
0.17000000000000012,11.000000000000343,0.3,0.4,1.5916730144330817,0.13249699959388062,0.08989066432780801,-1.6213478529889471,-1.6173181083031234,1.0243133952659742,0.3718858073352927,16.606934935093125,5.1536423244785246,4.841123527856306,0.272433194313386,0.27322922357238405,1.6190889084848537,1.790343625526758,-0.22396485499871382,-0.02626972977401376,4,FREE
0.18000000000000013,11.010000000000346,0.3,0.4,1.5942987631059895,0.13327928732917313,0.08977610184532239,-1.6179696237175836,-1.6151076342687476,1.0277692502591904,0.222174954023249,16.655314198571293,5.182944232085498,4.831939176242507,0.273579636111821,0.2737721406770297,1.6284887519171503,1.7995224867784305,-0.20151185441120745,-0.002143052149647745,4,FREE
0.19000000000000014,11.02000000000035,0.3,0.4,1.5969399091392076,0.13406863728533824,0.08966092844440948,-1.6153104479683742,-1.6173333377865666,-0.49019010044620986,-0.2669659622849212,16.703850287142977,4.536963563997146,4.864186474794685,0.27290641088483825,0.2756241339483069,1.6507141818699094,1.82287899110743,-0.1839264654355246,0.014965193331185345,4,FREE
0.20000000000000015,11.030000000000353,0.3,0.4,1.5996009234057191,0.1348664062955362,0.08954490290653229,-1.6164448003224443,-1.6252056655260299,-0.4780734977302215,-0.8383845013656169,16.752331650818714,4.79014772203014,4.854815260766689,0.2751845821166039,0.27778939182314155,1.6741514916491291,1.8460943491497253,-0.18821493085472094,0.013727637980054691,4,FREE
0.21000000000000016,11.040000000000356,0.3,0.4,1.602277245305114,0.13567124954970122,0.08942813467645416,-1.6231907555134772,-1.637508846703555,-1.062835844015541,-1.2095816403936879,16.80070153995667,4.865387292512041,4.8450750735199515,0.2777128254819193,0.27917353634042463,1.6859524288266134,1.8572387055244104,-0.2110660247527184,-0.015755835038653493,4,FREE
0.22000000000000017,11.05000000000036,0.3,0.4,1.6049488249698796,0.13647711728320622,0.08931137300535617,-1.6349184653386144,-1.6488477762055238,-0.8438672321099963,-0.9794714507389984,16.848964166381457,5.064282835837621,4.841006409881172,0.27889548553230475,0.27822719015078345,1.6704318051243534,1.8419443818308567,-0.25108141860239525,-0.04878090773665683,4,FREE
0.23000000000000018,11.060000000000363,0.3,0.4,1.6076004419170107,0.13727939080382676,0.08919533856208087,-1.6469510943348988,-1.6551393234305432,-0.629174450673664,-0.4571977680173389,16.89746581854086,4.8981263289568195,4.860804646676656,0.2795079303696849,0.27614464848589526,1.6475824177844096,1.8197420985319879,-0.2508956088226426,-0.0499129855678723,4,FREE
0.24000000000000019,11.070000000000366,0.3,0.4,1.610230462040735,0.13807752836476006,0.08908024287683253,-1.6542888278011494,-1.6559561091073232,-0.9859416128363017,0.11570707944886473,16.94609746142654,4.726379012825986,4.862728386972635,0.2755743836125095,0.27386291788159933,1.6186039804054195,1.790920861466533,-0.2841616201271443,-0.08089233476525141,4,FREE
0.25000000000000017,11.08000000000037,0.3,0.4,1.6128298942643453,0.13886874638187774,0.0889664942800035,-1.6564569060709597,-1.6488666034250454,-0.08135476408172851,0.8799662531962967,16.99485585895628,4.8262100238716386,4.8614138464655685,0.27448941098408325,0.2708448307427474,1.5911285994246698,1.763133863350805,-0.24685216671682053,-0.04880337097589359,4,FREE
0.2600000000000002,11.090000000000373,0.3,0.4,1.6154116577997715,0.13965695343497514,0.08885367846571761,-1.6506738114925565,-1.637353484203553,0.7609871152128862,1.294720038796425,17.043575037496606,4.903824839632478,4.8550362018087325,0.2718568327817284,0.26918229210843303,1.5738442036592597,1.745776392312753,-0.24667584412016846,-0.04543410362811166,4,FREE
0.2700000000000002,11.100000000000376,0.3,0.4,1.6179863019659362,0.14044538210950233,0.08874134264103326,-1.6399795598927775,-1.6242525955102427,1.0465379913343662,1.3891209305567043,17.092464866325265,4.693065801247219,4.875333007944094,0.26946548224817835,0.26876580199070754,1.575491440292352,1.7481745484033777,-0.2031001118724287,-0.0010310138955908627,4,FREE
0.2800000000000002,11.11000000000038,0.3,0.4,1.6205689890754722,0.14123869752961257,0.08862880871927754,-1.6267855129372215,-1.6136412519989056,1.9732264921574147,1.0469887515214122,17.14140141319406,5.173366575734225,4.878437930134698,0.2690863185405478,0.2700433830833289,1.5917101431064462,1.7645211676279193,-0.18946033868159268,0.013742643029243481,4,FREE
0.2900000000000002,11.120000000000383,0.3,0.4,1.6231705098441431,0.14204026159256572,0.0885155276970276,-1.6153992302535014,-1.6084209827726985,0.5437813976257866,0.45223735804466664,17.19037247955614,3.973518565506922,4.891794965577963,0.2702200115808224,0.2723025027142007,1.617805234165804,1.7911882669182821,-0.1794390465137321,0.026272621341424482,4,FREE
0.3000000000000002,11.130000000000386,0.3,0.4,1.6257977558951282,0.1428522576301282,0.08840112075982763,-1.6089169961299177,-1.610452005061095,0.6177883508572249,-0.29429605724463703,17.23947950278771,4.2048684948312856,4.916638666888505,0.2717711245065278,0.27514853225319635,1.6490463220937688,1.8233677238085508,-0.17580452549719985,0.031764340207921765,4,FREE
0.3100000000000002,11.14000000000039,0.3,0.4,1.6284419197312552,0.14367197835680853,0.08828582192548726,-1.6094246080480445,-1.6173480813096976,0.09049374898161285,-0.6835026025882963,17.288501374380743,4.061887323005655,4.901182243499073,0.2744823806710429,0.2766120869391585,1.6610177307449479,1.8348690022313368,-0.20638358771378246,0.00355113705319815,4,FREE
0.32000000000000023,11.150000000000393,0.3,0.4,1.6310950146623295,0.1444969760350437,0.08816998632134837,-1.6157311230470703,-1.6269670547643138,-0.020418157289779085,-0.938670852539722,17.337623974337287,4.099598538456672,4.922488916276924,0.27613579993502396,0.27755014628757174,1.6690908068091748,1.8429832245238622,-0.21427573195064278,-0.019565436581036183,4,FREE
0.33000000000000024,11.160000000000396,0.3,0.4,1.6337477614092255,0.14532433637661632,0.0880540384966775,-1.62493810820933,-1.6368084648370007,-0.06853156774439485,-0.8883049779694171,17.386410696196727,4.848252978777246,4.883986878818582,0.277981848338048,0.27730047187529544,1.6646663964652357,1.8374040584329705,-0.2332629700766649,-0.0344063099740118,4,FREE
0.34000000000000025,11.1700000000004,0.3,0.4,1.6363883675237918,0.14615038012957177,0.08793851991614947,-1.6349885290174695,-1.643705524115646,-0.9569170030046805,-0.5360362248195812,17.435361828978653,5.055107166077531,4.914289942865569,0.2774928145994492,0.2758780171045602,1.6464319064253843,1.8209427938216265,-0.2547440605816988,-0.04215020624928606,4,FREE
0.35000000000000026,11.180000000000403,0.3,0.4,1.6390005336260123,0.1469699408912417,0.08782414128537522,-1.642681824251762,-1.6432511294742607,0.7130898688411802,0.3161624768804123,17.48454368940751,4.695477020454101,4.911579698381271,0.2762583065806337,0.27252332197679324,1.609245975365703,1.783083692917729,-0.25731247255644707,-0.05625362825495345,4,FREE
0.36000000000000026,11.190000000000406,0.3,0.4,1.641589876974117,0.14778473878556117,0.08771086815280273,-1.6439861959488578,-1.6369699878248203,0.21475970459917226,0.7505696504959138,17.533656550986898,4.7536080604012385,4.897131468595352,0.27259891198428077,0.27078130171177206,1.5975658623534557,1.7707666212465265,-0.21020082564268755,-0.011603210438444797,4,FREE
0.3700000000000003,11.20000000000041,0.3,0.4,1.6441762400388524,0.14860102411977427,0.08759795160297927,-1.6382792092702296,-1.630235679778848,1.127722062012881,0.7820099491455711,17.58260957601712,5.260312509191851,4.8827759454516615,0.27095111525176274,0.27059990823383084,1.5922561713862853,1.765116119372253,-0.24090669633630005,-0.0392055514183067,4,FREE
0.3800000000000003,11.210000000000413,0.3,0.4,1.6467602045404623,0.14941898714876545,0.08748524301880643,-1.6317951163211726,-1.6231923461061566,0.9501888740113438,0.7002903701873554,17.63153713058274,5.1501501852634,4.880379022367059,0.2710589273895527,0.27086075822768546,1.6012545223307784,1.7740253018831418,-0.19959260549785576,0.0017726823826810234,4,FREE
0.3900000000000003,11.220000000000416,0.3,0.4,1.6493564107026737,0.15024329898850783,0.08737210582290073,-1.624324452104828,-1.6198055361308137,0.9749594277551072,0.3316987078115257,17.680541642409395,4.586555696105262,4.900200324318073,0.2697150795190303,0.2722328952250951,1.616983241430079,1.790359037586019,-0.1928090867918622,0.006382031118114209,4,FREE
0.4000000000000003,11.23000000000042,0.3,0.4,1.6519658398790482,0.15107428301022835,0.08725838053017018,-1.6201634639343956,-1.620330846808575,0.8919627714118575,-0.05430599577896789,17.729393689274996,4.91827270288643,4.87876263107448,0.27221097519114973,0.27367330759179875,1.6311151610384826,1.8035889529762112,-0.20717148017703246,-0.010600693593866437,4,FREE
0.4100000000000003,11.240000000000423,0.3,0.4,1.654580902315366,0.15190952644328956,0.08714429521631771,-1.6200179117630384,-1.6227064799889168,-0.3205936954456543,-0.18958787078517284,17.77802095029837,4.755241128287759,4.863157410291988,0.2739325462835382,0.2741446937981254,1.6353891816590083,1.8075859244271602,-0.21729568573377994,-0.01563189519701931,4,FREE
0.4200000000000003,11.250000000000426,0.3,0.4,1.6571918073361018,0.15274589687388362,0.08703024958748974,-1.622171917246359,-1.6242823162559836,0.4506479589376036,-0.030986552252221775,17.82669222749838,5.101207856096518,4.867852737069807,0.2741208128227832,0.2734796357200125,1.6249355736873603,1.7973356168591021,-0.24024746751589526,-0.0383643270168539,4,FREE
0.4300000000000003,11.26000000000043,0.3,0.4,1.6598007936279293,0.1535841134727973,0.08691628095295482,-1.6242117316276414,-1.6256783275160525,0.2160686424437423,-0.10552979094807748,17.875550276639036,4.663297744037588,4.892655474340152,0.27321343765669226,0.27371127859505434,1.6319849516285083,1.8051684503264123,-0.20627287343523654,-0.006274777138984167,4,FREE
0.44000000000000034,11.270000000000433,0.3,0.4,1.6624154591395697,0.15442661512922803,0.08680212092694448,-1.6252450783039343,-1.6289618089213416,-0.1573802314275582,-0.29160036075181284,17.92437133094754,4.587195183518508,4.882547190683335,0.27404441179226585,0.2743713047500823,1.6379116681342611,1.8107683073102891,-0.2193811562429977,-0.018097717494794344,4,FREE
0.45000000000000034,11.280000000000436,0.3,0.4,1.6650259202448268,0.1552702108325299,0.08668808443418678,-1.628235715510322,-1.6314518387345103,0.5520252758859326,-0.10113808465360445,17.973281446059275,4.9913831729657785,4.8992273700439535,0.27484972323608153,0.27357615234238414,1.6241761136707196,1.7980225087874655,-0.2572922424744876,-0.047865117227419776,4,FREE
0.46000000000000035,11.29000000000044,0.3,0.4,1.6676178024365267,0.15611022311333986,0.08657475822624103,-1.6313232928292383,-1.6292461856412792,-0.032522050338760204,0.3780959970978716,18.02245378950933,5.404218632336821,4.909837130690258,0.27395055930286266,0.27166533666249965,1.6041608812830424,1.7779702872562233,-0.24920713929009786,-0.04780038538975408,4,FREE
0.47000000000000036,11.300000000000443,0.3,0.4,1.6701946713883005,0.15694778689891847,0.0864621205964805,-1.6300503315839183,-1.6233140800250148,0.6799254673532903,0.7369159372872495,18.07180717239833,5.213193488454805,4.933970935441265,0.27194108288577806,0.2702213558134868,1.591570942783666,1.7660003360297156,-0.2246309702485204,-0.027909730535772767,4,FREE
0.48000000000000037,11.310000000000446,0.3,0.4,1.6727658130654224,0.15778590734928358,0.08634984985333737,-1.6246929783508866,-1.61616829616005,1.2514145264336318,0.7785450261959453,18.121005921892664,5.625825267041682,4.904028488247654,0.269602047654419,0.27000597755382477,1.5925489261057955,1.7662467720156139,-0.2104035616998438,-0.0060013594456864855,4,FREE
0.4900000000000004,11.32000000000045,0.3,0.4,1.6753398453724895,0.158627425274869,0.08623755551052101,-1.6175150549396695,-1.6101460387807007,1.4436333487031587,0.6602679104803761,18.170271969134532,4.280707097131718,4.920590911935573,0.2697182970978457,0.2704132260243856,1.5953919572156654,1.7698320132074348,-0.22295892698135766,-0.015568936302327904,4,FREE
0.5000000000000003,11.330000000000453,0.3,0.4,1.6779165937532994,0.15947229777937585,0.08612516177450065,-1.6113271519465688,-1.6051896443816962,0.3631236598467283,0.517173950875813,18.219732054904977,5.925233304605526,4.9400872288060125,0.26987986613045784,0.2709204139662888,1.6027476066053634,1.7778132541809355,-0.208655848388349,-0.0020810577300332117,4,FREE
0.5100000000000003,11.340000000000456,0.3,0.4,1.6805091031261878,0.16032482412908458,0.08601215513334307,-1.6059953497754653,-1.6048408250473611,0.5311007510895931,-0.0500871521018373,18.268944129022568,4.620222161122108,4.9125450357700275,0.2714810109597541,0.2730656316066864,1.6260970985545729,1.7994056029895849,-0.20948816883470006,-0.01893250910653936,4,FREE
0.5200000000000004,11.35000000000046,0.3,0.4,1.6831091418572035,0.1611822951201841,0.08589872874274723,-1.6045692713712112,-1.6068479865101386,-0.4134844463154905,-0.15905903197662988,18.317604226136634,4.23375106771714,4.8595597340522945,0.27196638839396614,0.27344260996536013,1.6315965948202613,1.8036525754972164,-0.20943441256207096,-0.006879417051002687,4,FREE
0.5300000000000004,11.360000000000463,0.3,0.4,1.6857176617013387,0.16204506362828255,0.08578489520021586,-1.6063210786361872,-1.6114885631030622,-0.0492241355380726,-0.4932082153438572,18.366171671548777,5.435285065218388,4.857892803889766,0.2731829944752747,0.27468394923635653,1.6486433573842016,1.8204524867857286,-0.1838017283655619,0.01357218769229776,4,FREE
0.5400000000000004,11.370000000000466,0.3,0.4,1.688345464030734,0.1629167230597591,0.08567026498371316,-1.6101445503500884,-1.6217193540093553,-0.3428098300285266,-1.0756137773154337,18.414493896094893,4.924368112199206,4.840804418448033,0.2745640502465286,0.27687664533195977,1.673398506076249,1.8446314146220688,-0.18140497820009438,0.01593954252794956,4,FREE
0.5500000000000004,11.38000000000047,0.3,0.4,1.6909759949284646,0.16379178357919066,0.08555536882867307,-1.6191936553669783,-1.6330496812748372,-0.9255942012433455,-1.022214405865206,18.46299771960857,5.078085845807457,4.873783926678271,0.2761400715629469,0.2766075906889143,1.6626068023335225,1.8352810294230657,-0.23512707848240275,-0.032911985876672795,4,FREE
0.5600000000000004,11.390000000000473,0.3,0.4,1.693593775347407,0.164665056863441,0.08544087919444132,-1.6309582616004306,-1.641283110614281,-0.6670954979702879,-0.6511475445632642,18.51174047882513,5.198023670933463,4.887627548125056,0.27641420267804256,0.27510301159031114,1.6395291278133424,1.8129758418410624,-0.28519506763423313,-0.07647568000942245,4,FREE
0.5700000000000004,11.400000000000476,0.3,0.4,1.6961833606557248,0.16553133252955668,0.08532751370337543,-1.6402328517745608,-1.64222354313632,-1.1936279627333162,0.06761144399667107,18.56077735127429,4.869176624748156,4.898866092154796,0.2761765170402168,0.2722517404150679,1.614390065116596,1.7876498472114306,-0.23992953031237915,-0.04263810668672055,4,FREE
0.5800000000000004,11.41000000000048,0.3,0.4,1.698750218912318,0.16639239585199364,0.08521520266608829,-1.642356556911889,-1.6373655121705661,0.8866164191903342,0.7306937022469342,18.609872928101566,4.826436812380316,4.906739934759142,0.2719295935020252,0.2696162338729346,1.5810686653178054,1.7550874987513982,-0.2788637181889016,-0.07138179130091744,4,FREE
0.5900000000000004,11.420000000000483,0.3,0.4,1.7012860265896745,0.1672454044850775,0.08510428813732843,-1.639041640566587,-1.6244256719542727,-0.14499756156356008,1.5806690502148504,18.6591051061582,4.603982612996345,4.8982332540526725,0.27096629200757477,0.26626637510926054,1.5561992125521857,1.7296702141658848,-0.1973870058590952,0.005513681928411784,4,FREE
0.6000000000000004,11.430000000000486,0.3,0.4,1.703820443519516,0.16810036132258813,0.084993720244353,-1.6272953795288263,-1.6114848652233908,1.2318950775236277,1.3463705957781948,18.70832652317413,4.482549006685463,4.902350460144101,0.2673182735282273,0.2671091534766537,1.5596508060059422,1.7332847823250521,-0.24447376454552866,-0.04105092105883508,4,FREE
0.6100000000000004,11.44000000000049,0.3,0.4,1.7063433318341672,0.16895381686436034,0.08488365203726883,-1.6141862194699432,-1.5957359673575107,1.1648775240854368,1.7194370997533346,18.757487921652015,4.904544806041205,4.882126056674547,0.2675908663934462,0.2656220540208544,1.5441597190816616,1.7165563769594594,-0.23926032895678712,-0.046731938638338744,4,FREE
0.6200000000000004,11.450000000000493,0.3,0.4,1.7088631283428417,0.16980863195528015,0.08477378130204014,-1.5991887073088988,-1.5794547125266214,2.629913219986331,1.6099397510797973,18.806405264629486,4.573877476536413,4.869033847128538,0.2662577007108615,0.26600832428415727,1.555782974226326,1.7282462255209454,-0.193417216133319,0.00963493932593354,4,FREE
0.6300000000000004,11.460000000000496,0.3,0.4,1.7113928654035102,0.17066925706084607,0.08466353916704371,-1.5823618580595478,-1.5661733101894615,1.565946197861699,1.4238225090751946,18.855203292628804,4.445145075047013,4.851773476030325,0.2657663232351815,0.2667032656605069,1.5719726571055432,1.7439225873393407,-0.1340033421917982,0.07098138495708677,4,FREE
0.6400000000000005,11.4700000000005,0.3,0.4,1.7139594164518093,0.1715449257021206,0.08455186559847053,-1.5683232047196003,-1.5632235311635263,0.9245064278672177,0.1244361341981191,18.90396119533505,4.613518038345337,4.871600207328262,0.2660725763716999,0.2716990728083624,1.622219467851906,1.7946189627437892,-0.16263723806305083,0.03686430297748655,4,FREE
0.6500000000000005,11.480000000000503,0.3,0.4,1.7165577425369274,0.17243395264100506,0.084438714461413,-1.562974652058275,-1.5692135236329592,0.8683168153835291,-0.6666290127557966,18.952536260817304,4.732732201933819,4.861215229748949,0.2711563869382496,0.27473404098779153,1.6529346745729898,1.8249106196940696,-0.1785472005498141,0.019812065604314658,4,FREE
0.6600000000000005,11.490000000000506,0.3,0.4,1.719178865580067,0.17333330884540785,0.08432440313835063,-1.5674887875910046,-1.581706572788518,-0.10381485073056926,-1.309837412912384,19.00109083565649,5.091463774218009,4.878353185192359,0.2746522405391786,0.2771893700879557,1.6791550629860994,1.8521483130980552,-0.18157959526307793,0.02504613827101472,4,FREE
0.6700000000000005,11.50000000000051,0.3,0.4,1.7218176775531921,0.1742412699040201,0.08420918276618108,-1.5786863415750982,-1.5993385488364202,-2.069272995586091,-1.80108776532718,19.049790445974782,5.054053184436581,4.896608815920257,0.27679451597992816,0.27904467247794223,1.6936037312566794,1.8669232607262716,-0.21852967177942811,-0.018300726296946554,4,FREE
0.6800000000000005,11.510000000000513,0.3,0.4,1.7244575173755337,0.17515207956501733,0.0840937418013694,-1.5955910114382352,-1.6175822660163528,-1.3306077911814829,-1.71856599322765,19.098425394509665,4.615257876851536,4.88419479178446,0.2794757112958191,0.2786705287777448,1.6855580969246653,1.8582936000572163,-0.24730283656104773,-0.04992694501212193,4,FREE
0.6900000000000005,11.520000000000516,0.3,0.4,1.727081616879175,0.17605991267051774,0.08397885522354827,-1.6141921779271589,-1.6318852383419842,-2.1318126799400736,-1.2771560667370965,19.146919454438475,4.726008073131969,4.864179366093379,0.2789778810696954,0.2768964673772604,1.6672872880005085,1.8393766962215587,-0.24378098605960563,-0.04561152506806432,4,FREE
0.7000000000000005,11.53000000000052,0.3,0.4,1.7296806265551297,0.1769614848052434,0.08386501579279955,-1.6293512262285414,-1.6397190486434603,-1.1982491031620202,-0.5115152423787004,19.195338671063606,4.799435654415697,4.846865673567471,0.2765276499527974,0.2738613981776767,1.6295928901904957,1.801053989861087,-0.2811889552499916,-0.08423045299826774,4,FREE
0.7100000000000005,11.540000000000523,0.3,0.4,1.7322375487378636,0.17785082416834802,0.08375297464530697,-1.6389596423305486,-1.6364449205478806,0.24464006115662765,0.6581033602374561,19.243934493131572,5.527512785743816,4.8546918496091545,0.27426264378677995,0.2692647280108294,1.5818568230760415,1.753959587042762,-0.26853098926201807,-0.06457215191112448,4,FREE
0.7200000000000005,11.550000000000527,0.3,0.4,1.734761982553716,0.17873122679459746,0.08364252067749613,-1.6379207635874384,-1.6246939372676148,0.053739232907086674,1.387260204825216,19.29284334968099,5.402919677857647,4.875258944511284,0.2700767991608863,0.26637207755470793,1.5517583148145557,1.7245805488324502,-0.26149084691573443,-0.05733860946337592,4,FREE
0.7300000000000005,11.56000000000053,0.3,0.4,1.7372617794227185,0.17960538995651723,0.08353331919204793,-1.627581787948248,-1.606590297483434,1.5890244761451604,1.9980071418538818,19.34195766447483,4.401689186174828,4.881595530354088,0.2682537766865003,0.26394889576431696,1.5266100736908765,1.6994117587113649,-0.25465588162967423,-0.05484722281472067,4,FREE
0.7400000000000005,11.570000000000533,0.3,0.4,1.7397512855374864,0.18047833423050558,0.08342476973174433,-1.6106713951594225,-1.586031767099729,1.180353698231619,2.0781413328807554,19.39119787579657,4.98636593564116,4.89844472359878,0.26468993459487633,0.26358839551232105,1.529906411338866,1.7036268238000771,-0.2073017185525057,-9.182871295637662e-05,4,FREE
0.7500000000000006,11.580000000000537,0.3,0.4,1.7422551050558541,0.18135874542419775,0.08331580131789118,-1.5899462262467268,-1.5697304600628808,2.214374424688428,1.5881441256562476,19.440654996037534,5.407180644816488,4.926275499695357,0.2638570038124314,0.2654435999237735,1.5519920161564962,1.7263417415095528,-0.19102744109970182,0.0096585230500381,4,FREE
0.7600000000000006,11.59000000000054,0.3,0.4,1.7447778094005275,0.1822482620673489,0.08320602887499391,-1.5725823614036554,-1.5588998301257715,3.410139534233089,1.0162701706578703,19.489993075033883,6.024437527852222,4.913168827677355,0.26519009052309095,0.2676265097989583,1.5814505465128939,1.75530290658264,-0.1523618987176559,0.04863357952070238,4,FREE
0.7700000000000006,11.600000000000543,0.3,0.4,1.747337799722365,0.18315346481555594,0.0830946769319746,-1.560360736270867,-1.5585758944979355,0.9873027172319441,-0.14709005198218697,19.539132113998388,4.9089926060583675,4.912743446858534,0.2671515338894912,0.2720958379690941,1.6322286225992946,1.8062223446221408,-0.13923726009719506,0.06515011422895176,4,FREE
0.7800000000000006,11.610000000000547,0.3,0.4,1.7499400949676878,0.1840762182324498,0.08298141088852914,-1.557614381700174,-1.5701428766339267,0.30047902991533054,-1.2912755559519422,19.588269199127744,4.29540055436362,4.933939215851263,0.2707730321978011,0.27648702614156373,1.6770941844255822,1.8519822313960632,-0.15776486046444171,0.049681422706125355,4,FREE
0.7900000000000006,11.62000000000055,0.3,0.4,1.7525647067422305,0.18500945301975488,0.08286690354419549,-1.5670002884476657,-1.5881328418795628,-1.2212964420501031,-1.8134636105770174,19.63734451568431,5.137399804930452,4.926781776542916,0.27537683689864045,0.27846530534314556,1.6910500455585846,1.8657383199767836,-0.21174493665238975,-0.002834364482460369,4,FREE
0.8000000000000006,11.630000000000553,0.3,0.4,1.7551944790215293,0.18594707908172797,0.08275192898816178,-1.5842866421920305,-1.6078793169447276,-1.5724431954568057,-1.8985822253862803,19.686579285361145,4.086012533371628,4.9544672238187,0.2778037624914819,0.2787395418912925,1.6891697128321257,1.8646634682010588,-0.24125402574316157,-0.03629767849063131,4,FREE
0.8100000000000006,11.640000000000557,0.3,0.4,1.7578090978031797,0.18688180284338546,0.08263741155263725,-1.6040622623934802,-1.6238404433514175,-1.5322423336413649,-1.3774796239426914,19.735903113162795,4.753774798974589,4.951317311352057,0.2795632298476989,0.2766585118080422,1.6622311771284939,1.8374479912465118,-0.2717491465073219,-0.0700149316222687,4,FREE
0.8200000000000006,11.65000000000056,0.3,0.4,1.7603948332020358,0.18780864873137224,0.08252408345077641,-1.621270188229401,-1.6322746240844213,-0.8552978980537813,-0.6321226642491952,19.785131473792497,4.818755819006773,4.926358044916414,0.2773839981627705,0.27370025059983266,1.6321174666066354,1.8062906295450667,-0.2614377968523288,-0.06325470937777633,4,FREE
0.8300000000000006,11.660000000000563,0.3,0.4,1.7629378593896896,0.18872258739847492,0.08241258913900483,-1.6311393219756225,-1.6294001381956127,-0.6933081198561413,0.6988888587328739,19.834559873613802,4.7695916958995,4.942270083603424,0.27410200321346956,0.26847986961051296,1.5766834406009738,1.751724322092091,-0.25286896905745915,-0.04919471855857621,4,FREE
0.8400000000000006,11.670000000000567,0.3,0.4,1.765451342278289,0.18962830712116813,0.08230261145934056,-1.6308542185667596,-1.6188378912642953,0.8081087356317566,1.2477241479849912,19.884086687168008,4.266245483490572,4.9289917233289335,0.26929593151748626,0.26628034310488813,1.5524546161099637,1.726493669334308,-0.2599294424457471,-0.06686999769607213,4,FREE
0.8500000000000006,11.68000000000057,0.3,0.4,1.7679419565490357,0.19052815785850816,0.08219382208738396,-1.6214691113016602,-1.6023896653028624,1.4301035078413729,1.795579559012188,19.93322154716126,4.692291389253186,4.877455915378523,0.2674905489757164,0.2640966311845662,1.5336303099656157,1.7059515314584996,-0.23552834514224813,-0.04073550751060852,4,FREE
0.8600000000000007,11.690000000000573,0.3,0.4,1.7704277129721784,0.19142867530893262,0.08208546886599347,-1.6059571660047804,-1.5849867784657405,1.8261640568282211,1.7611154307904457,19.982202412434088,4.677245533807417,4.872924682316329,0.26437294429788233,0.26417336465097396,1.5398614275473392,1.7124876669268678,-0.20418437431099865,-0.0007690023532541945,4,FREE
0.8700000000000007,11.700000000000577,0.3,0.4,1.77291315809654,0.1923315042212006,0.08197718430005611,-1.5882574543851697,-1.5678418381009784,1.1848112214883821,1.8703664166703422,20.031113363094736,5.731142390396158,4.856244623403703,0.2639064039720972,0.26371097978587066,1.5402598692609664,1.7123327793422407,-0.16786586771136752,0.03610496032192574,4,FREE
0.8800000000000007,11.71000000000058,0.3,0.4,1.7754175993086518,0.19324371171297958,0.08186818643613286,-1.5710994820016209,-1.5562450679624242,1.21282835346959,1.088660073054035,20.079983442380357,5.158340253311435,4.866681961918254,0.26346383902706083,0.26669659442365606,1.5707176986394078,1.7427310844145074,-0.1815157077636365,0.013225751591380383,4,FREE
0.8900000000000007,11.720000000000583,0.3,0.4,1.7779452471245845,0.19416686021391388,0.08175815141484755,-1.558057086725141,-1.5513277141505544,0.5195149808068348,0.3979531704478155,20.128644917917104,4.544097451817416,4.860549905601834,0.26627088415018124,0.26933901049950526,1.6025148064838504,1.7748187123901806,-0.16393092235898998,0.04133915536350506,4,FREE
0.9000000000000007,11.730000000000587,0.3,0.4,1.78049585185825,0.19510090918906017,0.08164700437374028,-1.5516123102479231,-1.5530195848771344,0.46636241417135443,-0.15979410986892453,20.177455159602815,5.111130314723045,4.885486250571375,0.2688386157366149,0.271469575711916,1.620059522327436,1.793198035999448,-0.19992938573804236,0.004366878139989025,4,FREE
0.9100000000000007,11.74000000000059,0.3,0.4,1.7830591172800094,0.19604210029049762,0.08153514563080516,-1.5524229339331366,-1.558489063879463,0.6598991572033011,-0.5651751650744503,20.226462029057767,5.090322822342447,4.91451371241361,0.2707099272883767,0.2730077766782289,1.6356282343214041,1.809544692869791,-0.20270606378742084,-0.0031136726849452095,4,FREE
0.9200000000000007,11.750000000000593,0.3,0.4,1.7856311061798964,0.19698898386759192,0.08142279796993797,-1.5571135284691144,-1.5666603180759973,-1.051431549861467,-0.7808459847763849,20.275370239103367,5.231562526723574,4.896932065772981,0.27256724923292935,0.27380743245933087,1.643603533621516,1.8167533169995673,-0.2091848255882931,-0.011883740947336685,4,FREE
0.9300000000000007,11.760000000000597,0.3,0.4,1.7882075269905022,0.19793998090094275,0.08131020325320445,-1.5649021943697383,-1.5763675854434864,-0.9911551204656703,-0.9337269304545842,20.32399776096576,4.692630097550321,4.868855424017981,0.2738608382179024,0.2743561877169534,1.650920391383008,1.8230004984156551,-0.2030085330030412,-0.007696540613727654,4,FREE
0.9400000000000007,11.7700000000006,0.3,0.4,1.7907810539629787,0.19889239230204844,0.0811976756944238,-1.5742698101382988,-1.5856176137846039,-0.9926003761483577,-0.7676939612878194,20.37268715364624,4.80115616490922,4.892562876707694,0.2742559219740513,0.2736660516002306,1.6372955095080792,1.8109823583392146,-0.2491319874764092,-0.038812667388845604,4,FREE
0.9500000000000007,11.780000000000603,0.3,0.4,1.7933359026577225,0.19984034271346982,0.08108587891282006,-1.5840976283072188,-1.5900789218384948,-0.5750118628508611,-0.26882417284755616,20.421791640765733,4.732192783196198,4.919029573752109,0.27444179836118326,0.2716845485143212,1.6142364109573093,1.7885185712099296,-0.2557061830807489,-0.05197251187682515,4,FREE
0.9600000000000007,11.790000000000607,0.3,0.4,1.7958694545765514,0.2007828121108155,0.08097502677319955,-1.5896188191250613,-1.5890358094828207,-0.20390059435707483,0.2887232126531973,20.471053703197768,5.243009438765395,4.921832073207543,0.2717056510882665,0.26947400557434736,1.5911508410356139,1.765348766365665,-0.24982824889024285,-0.04914187411518421,4,FREE
0.9700000000000008,11.80000000000061,0.3,0.4,1.7983870644288504,0.20172177033586186,0.08086498417523691,-1.589662508268223,-1.5839648009643363,-0.24527619879569745,0.6116034904768792,20.520264989171583,4.641083162485009,4.907339348116318,0.27051398304157304,0.2681705107091227,1.5816194709787474,1.755215196752408,-0.22115515978133637,-0.021975160073830685,4,FREE
0.9800000000000008,11.810000000000613,0.3,0.4,1.8008926118976738,0.20265865053069543,0.0807555519834823,-1.585058101466014,-1.5759258921130144,0.40263971488773265,1.0028749641898598,20.56937627374891,4.066965446248352,4.894143995854743,0.2675802878576573,0.2666088406096476,1.5602516730956788,1.7334410025492282,-0.2565219272531736,-0.05653559033611863,4,FREE
0.9900000000000008,11.820000000000617,0.3,0.4,1.8033888202876733,0.2035944701375604,0.08064661221505245,-1.5780276174168388,-1.565658943094526,1.584227327366831,1.097384490070939,20.618448854872454,4.073710471297946,4.884138432819898,0.2675933974133428,0.2661984754305354,1.5622521853474292,1.7356272948349953,-0.21788817845813463,-0.0065391610900762814,4,FREE
1.0000000000000007,11.83000000000062,0.3,0.4,1.8058876576782539,0.2045337488854203,0.08053765513108958,-1.5676655418888545,-1.5564604474543224,2.2573328798270684,0.9589461565754657,20.66782999297162,5.006526138414063,4.926410601367624,0.2664343268975843,0.2666951665842533,1.5695985335915739,1.7439228314416653,-0.19684890177598208,0.0030300279259572876,4,FREE
1.0100000000000007,11.840000000000623,0.3,0.4,1.8083958081479314,0.20547900236493516,0.08042833695573348,-1.5580918779717554,-1.5501531715882788,1.3422059996823776,0.6504145752296104,20.71709803755453,5.50384015741676,4.912298297088216,0.2665752022532279,0.26785449480537094,1.582128551094338,1.755952931815185,-0.2009676332721351,-0.0003259672795670743,4,FREE
1.0200000000000007,11.850000000000627,0.3,0.4,1.8109218163704186,0.20643348966730396,0.0803182811680072,-1.5511926192761256,-1.5490886408509115,2.027397418565874,0.0029112837189245364,20.76602147346612,4.671847215823446,4.878150416172576,0.2677132333567458,0.27032424842059527,1.6154384816417924,1.7876958878535545,-0.1580806397593254,0.03504291683773238,4,FREE
1.0300000000000007,11.86000000000063,0.3,0.4,1.8134684646525272,0.2073983005618895,0.08020728139977862,-1.5485826517118904,-1.5540359568576843,-0.5341426973999914,-0.4559041604231697,20.814594856267238,4.612341833000349,4.858754879348917,0.2698411309206348,0.27206504775122103,1.6365886826833667,1.8087336823399855,-0.14714686964393509,0.05691408349189024,4,FREE
1.0400000000000007,11.870000000000633,0.3,0.4,1.8160452789124577,0.2083771165486819,0.08009497861025429,-1.552507159524108,-1.5676569732932952,-0.43458079576764685,-1.4514154129264254,20.863110537637255,5.062553242865219,4.869950292985855,0.2721927779019927,0.2758673577195663,1.6709074851495798,1.8429985682350667,-0.19515478487707422,-0.0012171000837444407,4,FREE
1.0500000000000007,11.880000000000637,0.3,0.4,1.8186312036903542,0.20936191415535527,0.07998206090716661,-1.5644753030404734,-1.5841398451782547,-1.2768593591509683,-1.547221738977693,20.911374331082293,4.6160740165596055,4.848518732194545,0.27557480666977296,0.2761861612980043,1.6695918432071684,1.8412191174746075,-0.23249474968848732,-0.033088785928328604,4,FREE
1.0600000000000007,11.89000000000064,0.3,0.4,1.8212006233712665,0.21034290896114477,0.07986960297459261,-1.5809880951593516,-1.5964342949187014,-1.24397404862274,-1.0030562181076785,20.959941092993986,4.037102077578346,4.88592374721377,0.2764985636922704,0.2740216422472685,1.6406184057727602,1.814118835212702,-0.26988879705589097,-0.059732319161371034,4,FREE
1.0700000000000007,11.900000000000643,0.3,0.4,1.8237393972099374,0.21131462872436674,0.07975836127778407,-1.5945739626339797,-1.600651144272936,-1.2089139449111952,-0.16593003149510804,21.008897942991215,4.769351041526271,4.897115579612532,0.27487100391765623,0.27071784390658954,1.605223354896099,1.7791768889202686,-0.2673774012073325,-0.054870330176789536,4,FREE
1.0800000000000007,11.910000000000647,0.3,0.4,1.8262493325512952,0.21227771949337068,0.07964844773250203,-1.6004401244683986,-1.5973047808480847,-0.983207118134499,0.5685358317808471,21.05830307976227,4.898806946447409,4.934845797658243,0.2720083122665238,0.2678085119587345,1.5719276698834712,1.7462875105328834,-0.2721704958375626,-0.07843652832850757,4,FREE
1.0900000000000007,11.92000000000065,0.3,0.4,1.8287289013765062,0.21323151024166803,0.07953996422915716,-1.598652819957903,-1.5859484334793024,0.7370312383640241,1.3371004791067835,21.107426823834334,4.600558721453677,4.881100670310291,0.2680765813499229,0.264773118649022,1.5436369207135174,1.7160085635767386,-0.2482420921915307,-0.055661466528963977,4,FREE
1.1000000000000008,11.930000000000653,0.3,0.4,1.8312009720505475,0.21418483336900154,0.07943208973984058,-1.5886860907899656,-1.5729123567762922,1.3756756429000532,1.2939042148805857,21.15639429492616,4.303551782788115,4.8795930369893235,0.2650752581822302,0.2648791032317618,1.5537428776679985,1.7267032747791835,-0.1933893438048137,0.01186641748144314,4,FREE
1.1100000000000008,11.940000000000657,0.3,0.4,1.8336846566362637,0.21514511488155755,0.07932391608571943,-1.575170147890411,-1.5634798890765218,0.826693367020958,0.9772520555663038,21.205578265528867,4.347774521660961,4.905130962991705,0.26417223248591115,0.2660510602645143,1.56790428505287,1.741903247103826,-0.18357285533613923,0.024742659406315676,4,FREE
1.1200000000000008,11.95000000000066,0.3,0.4,1.8361862317935744,0.21611482583908248,0.0792150229971756,-1.5650315153516985,-1.559375055519862,1.2657721472146408,0.3688643431590657,21.254968130872587,5.038973768698913,4.933813038851934,0.26533988377914297,0.26835405607256885,1.5926085190505195,1.7672882078271586,-0.18269578722280083,0.019500685342958388,4,FREE
1.1300000000000008,11.960000000000663,0.3,0.4,1.8387081269594034,0.21709494184418623,0.07910519608989715,-1.55972349753982,-1.5612607890497163,0.9940384077783548,-0.2358141061866388,21.30426463846831,5.082978391778483,4.929082081825523,0.2686091290295518,0.27064364169546967,1.6182888086925404,1.792740414715334,-0.1785190017559673,0.023205145437614594,4,FREE
1.1400000000000008,11.970000000000667,0.3,0.4,1.8412471681347298,0.2180842763113138,0.07899450070857635,-1.5603746175810362,-1.5682668851944648,0.3814101717046756,-0.685760502023218,21.353649876922987,5.233667275245999,4.957418924972091,0.2697281759686121,0.27233200726121987,1.6331578730885152,1.8090731714484969,-0.20341052116307215,0.007993739597840444,4,FREE
1.1500000000000008,11.98000000000067,0.3,0.4,1.8437969883244867,0.2190803551448168,0.07888320857138867,-1.5666078492150655,-1.5786392723423281,0.039145600619496644,-1.0365929315577544,21.40293966919922,4.675453359138729,4.935194471944071,0.27210467486339646,0.2736294350266422,1.6469544803090883,1.821423723469598,-0.20527953164669896,-0.006997886527975811,4,FREE
1.1600000000000008,11.990000000000673,0.3,0.4,1.8463530434758273,0.22008140553132155,0.07877155085790408,-1.5763324846422213,-1.591136481413839,-0.8500989395873603,-1.1971778919671558,21.451917619711974,4.340701966727829,4.910929038528069,0.27306391100376587,0.27418254539613685,1.6522369210583296,1.8259083750066265,-0.21478470525130308,-0.015973243247636104,4,FREE
1.1700000000000008,12.000000000000677,0.3,0.4,1.84890480030931,0.2210832876432854,0.07865997624673725,-1.5885668956261925,-1.6028596615962152,-1.7627678713759813,-1.0096091297708798,21.500717492787377,5.253754615575184,4.892348047788858,0.27427197057666786,0.2733814240268326,1.6389692445051325,1.811992391972361,-0.2506195796694188,-0.052734505509806406,4,FREE
1.1800000000000008,12.01000000000068,0.3,0.4,1.8514350585090562,0.22207919760215236,0.0785492233678268,-1.600897500880356,-1.6090525516544079,-0.10984647241740052,-0.4129999685780281,21.5495518849361,5.111168825047509,4.893858200417916,0.2734932502885155,0.27099317843911486,1.6122011556701776,1.7855835169286138,-0.2596611807653929,-0.05632622382318757,4,FREE
1.1900000000000008,12.020000000000683,0.3,0.4,1.8539376123391589,0.22306663573491325,0.07843966485720139,-1.6083230084015212,-1.6080054882334345,-1.3696709593953174,0.37886873400652454,21.598579208848612,5.83771175372215,4.899672257640184,0.2717971831339635,0.26784824723376055,1.5828597059530682,1.75629519058085,-0.22534229288235802,-0.025348790228568244,4,FREE
1.2000000000000008,12.030000000000687,0.3,0.4,1.8564270483882854,0.22405133783847783,0.07833086344999778,-1.608649864092008,-1.6037783012205131,-0.26853351110736223,0.5467410038513909,21.64762599584471,5.123339151776466,4.894932896341951,0.26830027711278315,0.26711165696955574,1.5732796402900273,1.7466407059563833,-0.2438350066576928,-0.041596469858517046,4,FREE
1.2100000000000009,12.04000000000069,0.3,0.4,1.8589079194811389,0.2250350989060226,0.07822257054710528,-1.6048688877115074,-1.5976296331299156,0.15142524844405245,0.6629270728240226,21.696770597475012,5.699623419103005,4.904562152642859,0.2672931867365262,0.2665792530522145,1.5738042086651909,1.7475737797301185,-0.20178386345206456,0.0020610268002332482,4,FREE
1.2200000000000009,12.050000000000693,0.3,0.4,1.8613984781822646,0.22602519016435915,0.07811402857444208,-1.5986769817563036,-1.594632804446456,-0.2657065931903854,0.2973244629377779,21.74589277724782,4.445085557004019,4.902177960741439,0.2664799834412055,0.2679096197840953,1.5900008778397314,1.7634546691699946,-0.1924811165281657,0.00698386120600869,4,FREE
1.2300000000000009,12.060000000000697,0.3,0.4,1.8638995835883139,0.22702198427147466,0.07800503833314656,-1.594903012894726,-1.595022375488218,-0.055061188600912164,-0.05411489284790676,21.795092538272563,4.72169741504241,4.9237434791293495,0.26716958326135304,0.26918665027044064,1.5969803919942829,1.7715679241125697,-0.24491404841354122,-0.037670868322600276,4,FREE
1.2400000000000009,12.0700000000007,0.3,0.4,1.8663931341735573,0.22801824862743186,0.07789619381703103,-1.594900215735724,-1.5937551852756109,0.1518942458511869,0.2591567452695475,21.844581352008813,5.236004968350308,4.948353029520342,0.2689975833086002,0.26789899753394286,1.5850717213270693,1.76040581797162,-0.22620233117177124,-0.021046477637167285,4,FREE
1.2500000000000009,12.080000000000704,0.3,0.4,1.868886045065576,0.22901675840908964,0.07778737162774992,-1.594146663310483,-1.592764475573173,0.19978462150086573,0.0986090543406469,21.89427686395477,5.900055290641128,4.9731945429524345,0.2676566916033561,0.26843812652174426,1.5962661590665077,1.7727259590049846,-0.19052747889479318,0.02082623921551341,4,FREE
1.260000000000001,12.090000000000707,0.3,0.4,1.8713796430776222,0.2300180350304304,0.07767848676617982,-1.5925841040473447,-1.5924130915354415,-0.12610053468902072,0.23290028482125844,21.943949632361537,5.441791514240631,4.951271688961001,0.2672592426461747,0.26784084222518917,1.5811328977715762,1.7559446812161215,-0.2512858905607426,-0.05745410759248308,4,FREE
1.270000000000001,12.10000000000071,0.3,0.4,1.8738668184879328,0.2310192102502803,0.07756985513353623,-1.59294974953904,-1.5907151933440227,-0.1762261506737176,0.19412057265554988,21.993325724572323,4.517737870719609,4.931494561625087,0.2685488513803911,0.2679100230031149,1.5855087366576233,1.75975606748786,-0.231900404829793,-0.03589326085807973,4,FREE
1.280000000000001,12.110000000000714,0.3,0.4,1.8763491257453093,0.23202090087803381,0.07746143303193492,-1.591042796259656,-1.588102027836768,0.01444559068349707,0.3560967800675226,22.042415975184635,5.149346965132636,4.8952007184279545,0.266884836080671,0.26720658004307474,1.5827950871017789,1.7557785415396165,-0.2026168115334132,-0.006957048462238144,4,FREE
1.290000000000001,12.120000000000717,0.3,0.4,1.878837907417329,0.23302771551231335,0.0773528314366976,-1.588568266246112,-1.587744549656393,1.3212899159030422,0.027467995053258584,22.091371881468348,5.096106991164017,4.901184059000776,0.26684974214563617,0.2683961880784748,1.5983160451803105,1.7722760267656452,-0.19187529640930048,0.01876799405877788,4,FREE
1.300000000000001,12.13000000000072,0.3,0.4,1.8813340746129819,0.23404002937858312,0.07724391673146688,-1.587434768899243,-1.5898977546275288,0.45491239593521227,-0.11388235715085294,22.140340714900375,5.302873668360785,4.885169269219593,0.2674576145153942,0.26886296510165514,1.5991453909970943,1.771598797171115,-0.21988263577106032,-0.028863921611308588,4,FREE
1.310000000000001,12.140000000000724,0.3,0.4,1.8838262337099876,0.2350531878624699,0.07713509272113987,-1.5895494154034702,-1.591375785426977,0.42406049846461935,-0.04913608638647743,22.188983029852857,4.574715578458349,4.861030600891275,0.2683347255659795,0.2685317889819566,1.5979479708483968,1.7698960993009158,-0.20943712414276533,-0.01202285802463475,4,FREE
1.320000000000001,12.150000000000727,0.3,0.4,1.8863162021465247,0.23606793295719591,0.07702634110042107,-1.5910697443446067,-1.5926982355976205,-0.39671725707261957,-0.014418468027766404,22.237542883663643,3.8201544255318693,4.856132948757333,0.26903768698294206,0.2683143465149093,1.5893631396480379,1.7614385104367163,-0.2591985067506402,-0.05640369215540296,4,FREE
1.330000000000001,12.16000000000073,0.3,0.4,1.8887884730052056,0.23707790701708303,0.07691825598583533,-1.5927634859174056,-1.5895370787444882,-0.7434384735335012,0.45857072835081447,22.286417827880086,4.347463588303358,4.888775337333728,0.2689768203696114,0.2664056832133156,1.5717744185972373,1.7452910280470852,-0.23582514925442477,-0.027272353863396562,4,FREE
1.340000000000001,12.170000000000734,0.3,0.4,1.8912483519623917,0.23808525382511755,0.0768107443037712,-1.5903791058918566,-1.5833743449072946,0.9596129318071986,0.7740340271650293,22.335641315554113,4.755089721736351,4.910519070552679,0.26663574523919087,0.2651073996225957,1.5565245866832422,1.7304642231659952,-0.24244000674081162,-0.040098295131565334,4,FREE
1.350000000000001,12.180000000000737,0.3,0.4,1.8936973138705016,0.23909055094625084,0.07670376877457427,-1.5849097745681584,-1.5746056000824995,1.4628162393323996,1.028525436042707,22.384957210618527,4.368808892125253,4.91495328921544,0.265465873077129,0.2640498722243089,1.552000491617123,1.7261060426346757,-0.19489600464339463,0.008516228702262166,4,FREE
1.360000000000001,12.19000000000074,0.3,0.4,1.8961523966645868,0.24010083386826364,0.07659668678538503,-1.5763419682401214,-1.567988567260459,1.2591982404524658,0.6849581386602134,22.434405160041557,5.043035495162522,4.9390337530266795,0.264287127083609,0.26530558444458535,1.5635702828149873,1.7390975530087933,-0.21550581100880012,0.0004895568054380378,4,FREE
1.370000000000001,12.200000000000744,0.3,0.4,1.8986125716857365,0.2411157138474585,0.07648939948632606,-1.569128284159,-1.5632288029758912,1.0096728199231622,0.5293782711342875,22.484394308036883,4.550261027722764,4.9957927142754635,0.2654860154035621,0.26584121598240573,1.568765973708701,1.7459292876744645,-0.212591635554326,-0.003148884665947954,4,FREE
1.380000000000001,12.210000000000747,0.3,0.4,1.9010752162080526,0.24213408807922637,0.07638195929454455,-1.5640589784167873,-1.5595692492673507,0.16571225566758155,0.4400299768881418,22.53420969592553,4.731769966567509,4.956274662439867,0.26607846077002517,0.266123901787519,1.5723451302518765,1.7471657557978613,-0.20966198061026836,-0.018537737855455025,4,FREE
1.390000000000001,12.22000000000075,0.3,0.4,1.9035391090764295,0.24315546288410111,0.07627442009957719,-1.5602634976556105,-1.556659350764779,0.37768252841642497,0.34719569308315573,22.583578506786093,5.165143009310207,4.924116652949788,0.26601394902668835,0.2664217171786755,1.5752094355599728,1.7495435704700273,-0.2222084790794931,-0.018363693307570733,4,FREE
1.400000000000001,12.230000000000754,0.3,0.4,1.9060011671701114,0.24417857878597546,0.0761669097742254,-1.5572085700870795,-1.5536406808030403,-0.02894158230925418,0.3927468321791233,22.632960372375912,4.821942815644642,4.93157707458485,0.26664022646691793,0.26618732581189625,1.5730976475623353,1.7476698560852382,-0.21862992160900516,-0.01633445357392141,4,FREE
1.410000000000001,12.240000000000757,0.3,0.4,1.9084680389316442,0.24520620663896608,0.07605923803695458,-1.554263456054994,-1.5523742191602092,-0.14049750444700812,0.08471492860532139,22.682241061468115,5.833193202759215,4.918083263137736,0.2668817798177922,0.26731768351935403,1.593066864576821,1.7668932119446727,-0.16613586322357676,0.03063304609477599,4,FREE
1.420000000000001,12.25000000000076,0.3,0.4,1.910956948719863,0.2462455656355534,0.07595072285886792,-1.5520615937623847,-1.5576894250839393,1.4089365005960517,-0.557074865737165,22.731183935807714,5.591835991848116,4.898086570746062,0.2661091102120472,0.2697346029505925,1.6178443616810112,1.7910931547246352,-0.1825782242488383,0.01634282584059256,4,FREE
1.430000000000001,12.260000000000764,0.3,0.4,1.913464967829018,0.24729546582374443,0.075841363121746,-1.5561912828012303,-1.5687781599498263,-0.586891878005711,-1.1380698592140095,22.77985433922417,4.779141277025697,4.880615193473962,0.26984781596754537,0.27190994051802353,1.64378907555281,1.8162153556507323,-0.16802278983574098,0.02578299340043423,4,FREE
1.440000000000001,12.270000000000767,0.3,0.4,1.915992947789558,0.24835629623545247,0.07573109024167453,-1.5660401747985662,-1.5859074648503877,-0.7506686063194835,-1.7110202239711116,22.82826585861287,5.53959583874862,4.871755744117542,0.272303240466065,0.27404189965809317,1.6595096585436726,1.8326766111020096,-0.23162870819908826,-0.016676802767010737,4,FREE
1.450000000000001,12.28000000000077,0.3,0.4,1.9185156735987587,0.24941746986892788,0.07562081429139902,-1.5823611107008233,-1.6020471019134765,-2.409247805177215,-1.444367946594184,22.87725561924265,3.9306235502110884,4.929346455765785,0.27402749780333124,0.2729197408691537,1.6430584319574764,1.8177489235194129,-0.2514405636981478,-0.04740889556085208,4,FREE
1.460000000000001,12.290000000000774,0.3,0.4,1.9210141804976641,0.2504709245330875,0.07551140693625967,-1.5991935884358166,-1.6118984483020502,-1.4349452671216347,-0.7305092088914479,22.92652086268252,4.7439240835926775,4.944135559305676,0.2731549087310765,0.2700590585638728,1.6089922865678379,1.784222667593336,-0.2734613019912154,-0.0681555416255404,4,FREE
1.470000000000001,12.300000000000777,0.3,0.4,1.9234738559229287,0.25151041369063004,0.07540359968956355,-1.6106081808564312,-1.61137452709025,-0.928393623311312,0.3829083518902544,22.97599804205988,4.781116154785204,4.942296057891616,0.27045511744054723,0.26565125096242576,1.5608297916842149,1.7359268758127029,-0.2782597109251676,-0.07378061847710314,4,FREE
1.480000000000001,12.31000000000078,0.3,0.4,1.925896522525536,0.2525366510749858,0.07529750126303106,-1.6123445123391191,-1.600989950762036,0.5538321304002805,1.3057754306755427,23.025714577702914,5.378732005152478,4.9538037527108845,0.2663632821194608,0.26198139621947547,1.5219870050582112,1.6975721452123131,-0.27520450362667176,-0.06872500558906425,4,FREE
1.490000000000001,12.320000000000784,0.3,0.4,1.9282935881759877,0.25355443575624526,0.07519273561745331,-1.6037794020020237,-1.5839294404306072,0.9523195100426294,1.8244481584822863,23.07554340328078,4.964994628393317,4.94258755290495,0.26273181416161323,0.25988172083843475,1.5081829747282358,1.682753208909468,-0.21377752086089213,-0.01941826793850976,4,FREE
1.500000000000001,12.330000000000787,0.3,0.4,1.9306903574750771,0.25457453188557394,0.07508826883410673,-1.5874023832763395,-1.567270397329114,1.804554102847881,1.7170463407516523,23.125065760967193,5.356893564327733,4.919998273855826,0.2599524628394328,0.2602122492121469,1.51412417543293,1.6882370085132212,-0.20733230158156704,-0.006070488424689213,4,FREE
1.5100000000000011,12.34000000000079,0.3,0.4,1.933093240430777,0.2555997044767774,0.07498364171956072,-1.5704665834768918,-1.5527844055823348,1.5787525876137447,1.512656630122368,23.17447661050823,4.806907480293219,4.912960273698768,0.2607216090058005,0.2609306181847527,1.527566524809173,1.701209271153815,-0.16848486829548281,0.027636064727306606,4,FREE
1.5200000000000011,12.350000000000794,0.3,0.4,1.9355145092738888,0.2566352341396877,0.07487826685760121,-1.5553413284750235,-1.5438971904580627,1.2685029636437302,0.8627258059892982,23.22362266015753,5.243222321432165,4.8962601848206635,0.26075418185969795,0.26337734515402106,1.550540271521757,1.7241017321007275,-0.2031634966397805,0.003338329732264375,4,FREE
1.5300000000000011,12.360000000000797,0.3,0.4,1.9379496819091127,0.25767924498317557,0.07477218642826597,-1.545344682044643,-1.5393374321674227,1.0141616121041566,0.4167830668994269,23.272951210729435,4.656906384953778,4.928838439027888,0.2631102227178761,0.2650425343405903,1.5720357531880556,1.7467780702757223,-0.17551439327232388,0.031419134393916984,4,FREE
1.5400000000000011,12.3700000000008,0.3,0.4,1.940401005660732,0.2587327248606711,0.07466530466967874,-1.5397141410406268,-1.5397330827203355,-0.26724384283394176,0.004091914413857874,23.322461663182406,5.63266291354028,4.95359288369759,0.26372269340013044,0.2665805150221789,1.5840957727104596,1.7596519963259776,-0.20635084406417542,2.602443362489937e-06,4,FREE
1.5500000000000012,12.380000000000804,0.3,0.4,1.9428600980005835,0.2597920628198634,0.07455795682873993,-1.5394841332077618,-1.5427187557243922,0.027838612972380362,-0.30571011123034103,23.37185502712272,5.4388239904638995,4.938697250396631,0.26624724766787733,0.2677186118611565,1.592585319354669,1.7669861671951625,-0.23341829292466737,-0.039721066454784515,4,FREE
1.5600000000000012,12.390000000000807,0.3,0.4,1.9453113574115817,0.26085049623259293,0.07445077418961062,-1.5420654672591725,-1.5438964884566124,-0.2072313539455757,0.04164757959824121,23.420905893884616,4.569411658896367,4.898845283743153,0.2679243788366922,0.26631864357468155,1.5768995641033288,1.7502459487564463,-0.2431941968761841,-0.04275849523854097,4,FREE
1.5700000000000012,12.40000000000081,0.3,0.4,1.947747050261229,0.2619046617377497,0.0743441991387187,-1.5439810518163386,-1.5410979596514067,0.3099067663750502,0.4375399454295198,23.46991843746089,5.039032665213752,4.891201614223775,0.26691071764459334,0.26472971302149895,1.5607869131635483,1.7338003587663386,-0.23633028990437507,-0.03823768600316338,4,FREE
1.5800000000000012,12.410000000000814,0.3,0.4,1.9501665233908114,0.2629542498882716,0.07423835482450743,-1.5419384673758272,-1.5341404466675497,1.0124178602591576,0.885795206666399,23.51918294581702,4.329264031100307,4.924798236637029,0.26474346312004077,0.26294168360054015,1.5391635476019754,1.714040353584641,-0.25404980918711195,-0.042331004624834315,4,FREE
1.5900000000000012,12.420000000000817,0.3,0.4,1.952577699541288,0.26400268449789227,0.07413300770126925,-1.5359466330841975,-1.5252485351362142,0.5519148430234262,0.9966135920399872,23.568671557225507,4.361621013281581,4.926232213179996,0.2634461342280655,0.26246104887896354,1.5429711666130828,1.7176573140907636,-0.19077095986684411,0.017295260596701834,4,FREE
1.6000000000000012,12.43000000000082,0.3,0.4,1.954997974554499,0.26505756673821135,0.0740274494241418,-1.5268822062754313,-1.5193176072522296,1.2396365006479504,0.624231571296413,23.618271243175514,4.6249223481246515,4.949042822101259,0.2626140472870671,0.26385111985666426,1.5543676733631882,1.72942780247396,-0.2152101287737111,-0.015752121987907722,4,FREE
1.6100000000000012,12.440000000000824,0.3,0.4,1.9574222122240739,0.2661166666044892,0.07392172370747412,-1.520390699607744,-1.5148815255858545,0.8432353894238663,0.4695115097154146,23.667916398935052,4.85147878361607,4.964548751243383,0.2637207236017086,0.2644057447670261,1.563240837949764,1.739528284142885,-0.19856009614874015,0.015573807606053494,4,FREE
1.6200000000000012,12.450000000000827,0.3,0.4,1.9598596203502292,0.2671840501551595,0.07381546209595495,-1.515490741497597,-1.5145393575829174,0.3702793391859693,0.02511323525450977,23.717562705565996,4.356433033030976,4.947564398277527,0.26387401969690183,0.266079300048736,1.5833723634009944,1.7579706014748215,-0.18147615411813753,0.010895351944799209,4,FREE
1.6300000000000012,12.46000000000083,0.3,0.4,1.9623015814826268,0.26825593756737653,0.07370890089450849,-1.5142212291082517,-1.5158467184082423,0.1436723980258641,-0.02479228100587735,23.76687354065423,5.46972022949825,4.927307852703396,0.26576292407449587,0.26623017351342904,1.5817093604103567,1.7563658317337274,-0.21243643022796024,-0.004561227022268827,4,FREE
1.6400000000000012,12.470000000000834,0.3,0.4,1.9647443947227277,0.26933072972432265,0.07360223376521059,-1.5155784422557428,-1.5177756049439142,-0.4607201234365527,-0.12224707697811864,23.81631132383198,4.514664852764673,4.944720395663923,0.2657623909625293,0.2665613446475572,1.5849330077194805,1.7596396242795826,-0.20997012142417681,-0.014494814764977562,4,FREE
1.6500000000000012,12.480000000000837,0.3,0.4,1.9671885354355672,0.27040862115335634,0.07349548814424817,-1.5173359649883433,-1.5204607901279885,-0.19776533099567045,-0.20347453905330948,23.865566108538644,6.047725672305725,4.930361640525376,0.26595842033932593,0.26682720117176767,1.588693833816808,1.763402753440352,-0.21034484750876364,-0.004311179810121232,4,FREE
1.6600000000000013,12.49000000000084,0.3,0.4,1.969635074313553,0.2714901100835383,0.07338864459721378,-1.5198266447515607,-1.5242236841464856,-0.8808322988737352,-0.30455410346321815,23.91505534006424,5.334893206687529,4.9597615958213925,0.2667705330556669,0.2671663060277348,1.5916165765728014,1.7674714706491172,-0.21439550261532286,-0.0061592151655440325,4,FREE
1.6700000000000013,12.500000000000844,0.3,0.4,1.9720717039916016,0.27256969619477267,0.07328214328369874,-1.523404458716136,-1.525575029953215,0.15239793729486054,0.03634198450175214,23.964341956856735,4.933655260593543,4.914907697905066,0.2674245306459524,0.26579724815839634,1.5720009365920893,1.7457325878388592,-0.25112568632509236,-0.053798684708029745,4,FREE
1.6800000000000013,12.510000000000847,0.3,0.4,1.9744883529783301,0.2736428811492144,0.07317644804935435,-1.5257107871671418,-1.5216691105348419,-0.3951990061389609,0.5742026301228766,24.013509904297052,4.946950695394594,4.910378255214838,0.2662307160283772,0.26366735339796493,1.551299077531162,1.725637695711767,-0.23994884400680674,-0.02774979829667565,4,FREE
1.6900000000000013,12.52000000000085,0.3,0.4,1.9768903453757076,0.27471202761757774,0.07307145120549449,-1.522761038181061,-1.5140217359721073,-0.5339665678200928,0.9395661257858383,24.06311676555211,5.3199074845483505,4.945950309040941,0.2636857362795169,0.26220662750775026,1.5339781576378115,1.7090758465204219,-0.24485324994194274,-0.04300202910100487,4,FREE
1.7000000000000013,12.530000000000854,0.3,0.4,1.979281049060306,0.2757785913708649,0.07296703455741957,-1.5159088897099953,-1.5035607166781098,0.8764328226624865,1.1395804110394527,24.11267490898112,4.570624560471681,4.929823489428076,0.2626599774268814,0.2613906071622161,1.5296785804350328,1.704011474091466,-0.21561583637733558,-0.017074879320193886,4,FREE
1.7100000000000013,12.540000000000857,0.3,0.4,1.9816722123838746,0.2768478265032307,0.07286272045200469,-1.505672198058934,-1.4935945254160152,1.228752076043918,1.0815329191452885,24.161994883888283,4.994278075810663,4.9045007296583565,0.2612626029577893,0.26157873755644134,1.5357905355715669,1.7095506881025961,-0.19372135198592447,0.011551988910428662,4,FREE
1.7200000000000013,12.55000000000086,0.3,0.4,1.9840756953289893,0.2779250919271259,0.07275798685481864,-1.4954292071460773,-1.487477041367711,0.9280572913807995,0.5726274201807792,24.211338957394684,4.549020076461914,4.923551917544403,0.2615294714309883,0.2635128819027452,1.5625693230038284,1.7368396946567253,-0.15093039574327682,0.05056220511077117,4,FREE
1.7300000000000013,12.560000000000864,0.3,0.4,1.9865036750074156,0.27901589987124287,0.0726522417022778,-1.4880308140041925,-1.4886533067863512,0.41142927852090055,-0.08451036909253684,24.26065090573238,5.055992688772161,4.936154698131257,0.2624498211309392,0.26602192052127166,1.581411222429226,1.756399588166366,-0.21267865879606065,-0.005385346820186376,4,FREE
1.7400000000000013,12.570000000000867,0.3,0.4,1.9889387685971114,0.2801124494899777,0.07254602830258608,-1.4882701679108763,-1.492194803322068,-0.695058482414622,-0.33690584391128414,24.310147937978066,4.821723780604855,4.956366790831077,0.2661206461986099,0.266966222932217,1.5936768721127224,1.7692481918934522,-0.19447993994999568,0.010564331973644328,4,FREE
1.7500000000000013,12.58000000000087,0.3,0.4,1.9913766637174495,0.2812127798228845,0.07243956299434365,-1.4911966823204055,-1.496879013897031,-0.10066695195061891,-0.39096987234745817,24.359403855794557,5.4614084363503155,4.920124539356704,0.26611364272770327,0.2671405634692507,1.5893627481913868,1.763537100334431,-0.24314440189412728,-0.04014813610286061,4,FREE
1.7600000000000013,12.590000000000874,0.3,0.4,1.993803255133984,0.2823105000008038,0.07233345410309577,-1.496093020822075,-1.4987134024328126,-0.8027351776100062,-0.04173974659487133,24.408574574408835,5.094748754773153,4.913425264782968,0.2667630679276135,0.26575450665789097,1.578435103972058,1.751838329249107,-0.2096396420671639,-0.01886363631028022,4,FREE
1.7700000000000014,12.600000000000877,0.3,0.4,1.9962286613090463,0.2834101858208157,0.07222746810256962,-1.4984508406091286,-1.500581106621917,-0.37954682456057826,-0.1342481026098526,24.45746488249592,5.674107013583921,4.894580251112177,0.26560828794994434,0.26606981495671106,1.5840790854924123,1.7576251384115198,-0.20384099974111725,0.003152790703403366,4,FREE
1.7800000000000014,12.61000000000088,0.3,0.4,1.9986516118140187,0.2845112683014312,0.07212161067445788,-1.5000428984462395,-1.5021342519326333,-0.33239968037438367,0.014093190313277732,24.506566652984787,4.350111997952412,4.9107158313004495,0.2654502696532317,0.26545463022995847,1.571908789705526,1.7457690203209795,-0.24005701311502547,-0.0388142429691926,4,FREE
1.7900000000000014,12.620000000000884,0.3,0.4,2.0010752347311174,0.28561517110019025,0.07201579682257454,-1.5021434521183656,-1.504268867717846,0.11550441541253725,-0.23177827363506073,24.555782627775063,5.774512739026035,4.925657820174476,0.26565877324346066,0.26635727573711043,1.582985906735848,1.757679141676057,-0.23470100915524705,-0.026510303526447954,4,FREE
1.8000000000000014,12.630000000000887,0.3,0.4,2.0034947573582884,0.28671971225848697,0.07191013458503298,-1.5037272723661352,-1.505632578520509,0.3497243189795135,-0.007220697242637047,24.60526925224061,4.339029252379912,4.951354123754219,0.2659925740643947,0.26544389771387106,1.5741998827374464,1.7493947320145233,-0.22065098207813172,-0.020560471537353284,4,FREE
1.8100000000000014,12.64000000000089,0.3,0.4,2.005906818299709,0.28782333945792105,0.07180477435451102,-1.5054756355864738,-1.505270789993955,0.071090469487263,0.18424280831265183,24.65484658809931,4.511585097544879,4.9619379636058865,0.26484834339930136,0.2646561723841813,1.5633588353709575,1.7394150850360344,-0.24073850829383434,-0.029923135082737,4,FREE
1.8200000000000014,12.650000000000894,0.3,0.4,2.0083098478881625,0.28892533234537743,0.07169980757440436,-1.5055904053931453,-1.5027422579760359,1.3528228299263696,0.35747733927579955,24.70467542804974,5.638293792624619,4.973621255577043,0.2652252896881892,0.2639388218749145,1.558179156221118,1.7341924122314325,-0.21965417954278096,-0.017510010762980227,4,FREE
1.8300000000000014,12.660000000000897,0.3,0.4,2.010703600202193,0.2900255565985575,0.07159525044819114,-1.5033006383214147,-1.4979673302254413,-0.02674193880463056,0.6971909388670436,24.754510392437393,4.502654009509511,4.975883573293247,0.2640881811862905,0.2625817998024444,1.5507546084994224,1.726417440264194,-0.16421711938151917,0.028998257878970826,4,FREE
1.8400000000000014,12.6700000000009,0.3,0.4,2.013110434351473,0.2911343303651351,0.07149030948585673,-1.4988789402916305,-1.4973079607029427,-0.15708844274869807,0.04678782485120583,24.80384389420338,5.462423318088172,4.918928210138047,0.26286391014311566,0.2650460724766222,1.57484132168109,1.7485004101776194,-0.19602613568167848,-0.0023247238534726405,4,FREE
1.8500000000000014,12.680000000000904,0.3,0.4,2.0155234022754027,0.29224846337706556,0.07138506306724869,-1.4971217758461386,-1.4987794272552903,0.25543179107916375,-0.04375211625448864,24.852775455429583,4.453710457057542,4.891164671757765,0.26402538492173716,0.2653511157333151,1.5751117889625685,1.7481612789415777,-0.22323562874974198,-0.0235063246377262,4,FREE
1.8600000000000014,12.690000000000907,0.3,0.4,2.017935003250054,0.2933644900575629,0.07127979663787815,-1.4985686914539798,-1.5002538181724043,-0.23986520726180946,-0.09270342472690948,24.90156083311151,4.613288416841874,4.873097632367277,0.2655778480678967,0.26549270419182525,1.580001561484022,1.7522421844594516,-0.20087060111819519,-0.005735574947524885,4,FREE
1.8700000000000014,12.70000000000091,0.3,0.4,2.020347772732579,0.2944835917238891,0.0711744511287222,-1.4998168385120936,-1.5024673276815892,-0.4856206739768123,-0.1428395938012946,24.9504871729492,5.239296609321863,4.9032484184392455,0.26518103652891134,0.2656366052412704,1.5777292800326845,1.7515545110022226,-0.2292724589532702,-0.02406707623019215,4,FREE
1.8800000000000014,12.710000000000914,0.3,0.4,2.0227524164945,0.29560142282192,0.07106937903882299,-1.5020782214578363,-1.5027723720924544,-0.2713257322448111,0.1308919303074594,24.999675239381258,4.378589493652963,4.916856623277822,0.26559316715228853,0.2645289427620686,1.56246714638328,1.7362899928341005,-0.24827356955078098,-0.05266570889719799,4,FREE
1.8900000000000015,12.720000000000917,0.3,0.4,2.0251369971949043,0.29671235752287345,0.07096509054856719,-1.5030838446743229,-1.4977487734841073,-0.3968520967856551,0.7079094175108295,25.048667600659115,4.758552259389272,4.878328087412859,0.2646056915290249,0.2622512554884697,1.538698327321181,1.7109903338668364,-0.24576229292820317,-0.053546819078287386,4,FREE
1.9000000000000015,12.73000000000092,0.3,0.4,2.0275035034759115,0.297817301406,0.07086162341193857,-1.4992114438227562,-1.4879611349752673,1.2174457693392589,1.1364268854310413,25.0976133491152,5.288236669813052,4.88027667072656,0.26313039430046437,0.26055105631522074,1.5222584207702072,1.6952508189769118,-0.23697526274653985,-0.032430586121308294,4,FREE
1.9100000000000015,12.740000000000924,0.3,0.4,2.0298596331565264,0.2989198300552604,0.07075871480269627,-1.4901849754667507,-1.4755898397397975,1.523987938903198,1.417518635270422,25.146515006289444,4.994014159639832,4.856395173239313,0.26105898662231114,0.25942845178863755,1.5191894844886449,1.690973881486812,-0.17345258540206537,0.023648653815785223,4,FREE
1.9200000000000015,12.750000000000927,0.3,0.4,2.0322293492318004,0.30003120832137803,0.07065544493771149,-1.4779943338736585,-1.4674645558494273,2.192039559776084,0.7681069662619329,25.195213305213514,5.27322349460982,4.852408905853425,0.26000705693700643,0.2619042623733234,1.547841451551372,1.719676649797534,-0.16683900556631343,0.033971117629068764,4,FREE
1.9300000000000015,12.76000000000093,0.3,0.4,2.034622978499406,0.3011563454227978,0.070551229103763,-1.4685153561762447,-1.4665282556401424,0.735123256424777,0.04893617201743312,25.243943993420686,4.643667664304895,4.875376697874484,0.26135016228751,0.26465458649899826,1.576529332963169,1.7493849824151737,-0.1750572050808772,0.029995722495072596,4,FREE
1.9400000000000015,12.770000000000934,0.3,0.4,2.0370411746836714,0.3022956113984987,0.07044591207879133,-1.4661789756058075,-1.4729765216829265,-0.08259698211507108,-0.7214623375402475,25.29297556900858,5.324700448370891,4.924765536334408,0.2641128158731041,0.2676000092223504,1.609204551003213,1.784019462351654,-0.1662640568341459,0.044042315965222546,4,FREE
1.9500000000000015,12.780000000000937,0.3,0.4,2.039486293217667,0.30345016112893464,0.0703393520829749,-1.471010354120511,-1.4874976732080625,-0.36631442430081,-1.5645342525975696,25.342035291958563,5.193465806063933,4.930380793022926,0.2664608785675658,0.27081648726185104,1.6366475171089414,1.8109673376143671,-0.21651335317491693,-0.01945560383274432,4,FREE
1.9600000000000015,12.79000000000094,0.3,0.4,2.0419359871644573,0.30460942620583675,0.0702323488559648,-1.4842090500133396,-1.503717309220983,-1.6191765678924652,-1.5274348635076302,25.390905879449015,4.687936028713693,4.913716852152,0.27062978164688,0.27062337449564705,1.6355331173863137,1.8095848656235498,-0.21167025901439995,-0.007931430506894044,4,FREE
1.9700000000000015,12.800000000000944,0.3,0.4,2.044376112023353,0.3057667026799737,0.070125572115818,-1.500449693716871,-1.5176313887247341,-1.8398547740838986,-1.122529035228629,25.43997219238004,5.292211915949719,4.935931833673352,0.27071911055182946,0.2689961769287474,1.6070624663715565,1.7820653289623725,-0.28725287634241325,-0.08067452537177008,4,FREE
1.9800000000000015,12.810000000000947,0.3,0.4,2.046780520859804,0.30690950254031246,0.07002017130052794,-1.515647672789741,-1.5217785551805094,-1.1055189290374472,-0.14419902296678816,25.489483414760095,4.608343413207717,4.960965045512927,0.26996423172377326,0.2651461925082496,1.5670049875944745,1.742859900984122,-0.27247485172307867,-0.06612060920435155,4,FREE
1.9900000000000015,12.82000000000095,0.3,0.4,2.049155363894959,0.30804067260391194,0.069916146067679,-1.5216556767183265,-1.5179211224967923,-0.002725558055718263,0.6324908338471512,25.538824999267533,5.691626343231349,4.906025846381156,0.26517534979822144,0.2620723657357633,1.5370171153653243,1.7108526529300363,-0.25855006959598126,-0.052850559242704764,4,FREE
2.0000000000000013,12.830000000000954,0.3,0.4,2.051504809373309,0.3091621826903234,0.06981337782925968,-1.5192656626498233,-1.507254723133587,0.23094755560882224,1.2904909658111718,25.588348322246873,4.503135503403701,4.935615983114647,0.2623744021158071,0.25946198573399565,1.5089275971624088,1.6839584142685617,-0.25704066346698135,-0.049335316534139376,4,FREE
2.0100000000000002,12.840000000000957,0.3,0.4,2.0540508624645306,0.3103325956421949,0.06970381236016357,-1.5098984543028515,-1.449695553864936,1.6270475168748242,7.291686432815935,25.64267218703669,4.9904687987105305,5.44500773441894,0.26034911696541596,0.2869356745858778,1.5874151560640761,1.787427738448959,-0.21771045904979616,-0.011993113921467652,4,FREE
2.019999999999999,12.85000000000096,0.3,0.4,2.0569514951957424,0.3116247379101438,0.06958190940627675,-1.4668870208559008,-1.3246300400102222,6.244858109976397,13.878241356187052,25.704908650697426,5.79414856646198,6.117762436655181,0.27925892376805017,0.3248567197943244,1.7028311038970454,1.9296059534385794,-0.16873063354693352,0.041687649488179046,4,FREE
2.029999999999998,12.860000000000964,0.3,0.4,2.060208842020443,0.3130675314955901,0.06944862011578175,-1.3546503961909977,-1.1356576478339797,12.769814168544627,20.5351539720328,25.775160859030233,5.904542192276812,6.7753234129785405,0.3170859417963233,0.3626054427521366,1.8385894775775367,2.0889355230451834,0.0496743090019537,0.24032995027605264,4,FREE
2.039999999999997,12.870000000000967,0.3,0.4,2.0639171442246966,0.3147250688048695,0.06929891858925616,-1.177657118253735,-0.911694429418768,20.149729964749014,22.875004886397356,25.852353350817154,6.154476816066868,7.3791896384647515,0.35407180265173865,0.417140310250161,2.163967492923243,2.4336334687726904,0.27542775839652717,0.4691648620630185,4,FREE
2.049999999999996,12.88000000000097,0.3,0.4,2.0682347811223756,0.3166855094097098,0.06912411545221224,-0.9569153765701893,-0.6992324473783857,22.939755759026955,20.611617037339037,25.935030097176206,6.653516767533305,7.929647557859106,0.40277427620309664,0.48959211758416066,2.6959424204904474,2.9776258383276453,0.5561911261862709,0.7421253742470086,4,FREE
2.0599999999999947,12.890000000000974,0.3,0.4,2.0733447625185923,0.3190436332660786,0.0689164658446566,-0.738156259499027,-0.5512699417264385,22.13017259037724,13.133999399453252,26.02121641577851,9.13153814755613,8.390587589315103,0.47223129855987755,0.582291185106381,3.4528303751988294,3.738411545965834,0.8341620940418181,1.0097980073106965,4,FREE
2.0699999999999936,12.900000000000977,0.3,0.4,2.0793906658330275,0.32187370453559755,0.06866921943039889,-0.5734848417360457,-0.5093841619770942,15.208196986218205,2.1428844563223777,26.109259477230793,8.113891978732367,8.794091213384489,0.5620179778305906,0.6886081354473602,4.347329582926146,4.637259680832111,1.0647523645919772,1.2207520070235234,4,FREE
2.0799999999999925,12.91000000000098,0.3,0.4,2.0864275803494006,0.32520725082947927,0.06837827495037266,-0.5081888178628057,-0.58990168504969,4.858144625832758,-10.274366926142028,26.19739200853555,9.542267814732838,9.035247867878972,0.6663356203355763,0.8003573869054996,5.252120746337145,5.547431585672377,0.9540201211020944,1.123411040479572,4,FREE
2.0899999999999914,12.920000000000984,0.3,0.4,2.094401678209935,0.32902348306015383,0.06804314464950473,-0.564517798508451,-0.778156270159664,-7.656132616310898,-20.490887728883454,26.285467131700287,9.477464030418904,9.267159460451587,0.7782317687697771,0.9034035489468316,6.050699577789685,6.357689751147983,0.8116550819911261,0.9863039810115068,4,FREE
2.0999999999999903,12.930000000000987,0.3,0.4,2.1031953116070214,0.33326952990023245,0.06766688574290693,-0.733213076192846,-1.041250923710415,-17.937341158635796,-27.131671132349275,26.373848550541936,8.944451645060875,9.460502462998365,0.8825580141147544,0.9923282498224448,6.6771290121682,7.002075253361764,0.5732708154603727,0.7495901785375403,4,FREE
2.109999999999989,12.94000000000099,0.3,0.4,2.112641946685355,0.33786710598915065,0.06725537183782963,-0.9845169302175415,-1.332209298096434,-26.986791003834963,-29.300424226730097,26.463217614452226,9.457584742052651,9.620484504756465,0.9748651572712838,1.0636197759457353,7.08223969446285,7.4297931698576125,0.13021867921832525,0.31646085939145735,4,FREE
2.119999999999988,12.950000000000994,0.3,0.4,2.122592977169586,0.34274457194687413,0.06681598934355232,-1.2739024629217668,-1.6091381683996606,-28.95635733097699,-26.85813928929587,26.55533381125383,9.225068813002178,9.892395860647076,1.0490140445311602,1.1167598983591278,7.3262803100193405,7.696371089211861,-0.07663720280265743,0.11188166546736114,4,FREE
2.129999999999987,12.960000000000997,0.3,0.4,2.1329263054709466,0.3478409688997588,0.06635641999636914,-1.557001653929689,-1.8375170068106403,-28.130074715909355,-21.462657180319038,26.65155159507767,9.248310452769685,10.19288233315186,1.1077960433376814,1.158217309465268,7.4721276729469315,7.859489018865333,-0.13054972091992134,0.0516601840437092,4,FREE
2.139999999999986,12.970000000001,0.3,0.4,2.1436077309984345,0.35313877397328736,0.06588060279292716,-1.7964991297139166,-2.008094261740004,-23.52826757547004,-15.685632288744745,26.752022806585693,10.380864640268165,10.489824651059088,1.149192312419222,1.198001453155113,7.615996333470283,8.016534362646826,-0.12151303087714461,0.06549623547413887,4,FREE
2.149999999999985,12.980000000001004,0.3,0.4,2.15468920466067,0.35866413589944957,0.06538856421528394,-1.9785147621676848,-2.136492936664787,-18.070655004686625,-11.835211591156382,26.856729001094628,10.429414875172839,10.82615781097164,1.1892277211418927,1.2450668494909516,7.880770518454149,8.290766848244315,0.1526074229953377,0.33636727474808426,4,FREE
2.1599999999999837,12.990000000001007,0.3,0.4,2.1660507890955176,0.36441947152151966,0.06487251234080657,-2.112831134452662,-2.2930451988724303,-12.33581836858407,-16.850657457920025,26.958155340719543,10.957255612934377,10.356977231934108,1.234727107040293,1.2759666389256576,8.20466324439867,8.577209079946925,0.390341674884511,0.5633964506041369,4,FREE
2.1699999999999826,13.00000000000101,0.3,0.4,2.1777013631498328,0.3704189504129187,0.06433239802160955,-2.2551080220546074,-2.5466043611242406,-14.630306439281885,-27.508030814264956,27.050217844947316,9.51761200564734,9.619241614089695,1.268682358431046,1.3158245986982178,8.694727992846154,9.031611811776502,0.565682216352212,0.7436498277447238,4,FREE
2.1799999999999815,13.010000000001014,0.3,0.4,2.1897857661279745,0.3767000044617601,0.06377517639158815,-2.486193064161677,-2.935459922133932,-25.258850281448495,-41.79436747868461,27.131757650581136,10.595908501541281,8.836672083074367,1.3069023485313624,1.3691879693389886,9.332243828244875,9.634924012498495,0.7472408332490471,0.9246464190207645,4,FREE
2.1899999999999804,13.020000000001017,0.3,0.4,2.202309236319812,0.3832362021250607,0.06321078349673792,-2.845287237091731,-3.4585315802319108,-38.600878394305,-54.837454799522256,27.202417927096405,8.43453755672105,8.003365319052492,1.3571340895715616,1.4170260137285704,9.810231418764351,10.083165608130656,0.21334669966938047,0.4024091223357662,4,FREE
2.1999999999999793,13.03000000000102,0.3,0.4,2.215082609629218,0.38990989740550636,0.0626491995653065,-3.3456197990620438,-4.059564507702773,-52.612205222603635,-60.926840620501984,27.263477834553576,8.736405208097159,7.190101619033059,1.4068411234002531,1.4372337056795546,10.004781061424854,10.251671815211427,-0.2040984058990799,0.0019143986991735362,4,FREE
2.209999999999978,13.040000000001024,0.3,0.4,2.2278433127623085,0.39657505710654906,0.06209587524978341,-3.9370562028668403,-4.662277020234448,-61.097910161047956,-59.28990705337124,27.318186251434753,6.948084962339693,6.580111334360689,1.4369167103042955,1.4269535404550346,9.867401083605113,10.09546733152538,-0.6320456807903214,-0.4121834335260243,4,FREE
2.219999999999977,13.050000000001027,0.3,0.4,2.240327686176435,0.4030919177875769,0.061554965921130314,-4.545675567030073,-5.190864325625982,-61.033225323044114,-50.573073113675925,27.3704582903656,6.655313258032577,6.224982867488758,1.432399398889596,1.3890122961801918,9.438859259655967,9.657090470115724,-0.9843710224996656,-0.7415319266505986,4,FREE
2.229999999999976,13.06000000000103,0.3,0.4,2.2523424402201893,0.4093611302999139,0.06103095413869873,-5.093790820542197,-5.590296509565408,-51.996536177783916,-37.04495986404835,27.42345465862243,6.147169125793154,6.052269857220698,1.398849564164641,1.3325287145103173,8.809981772159492,9.023798395984553,-1.301744613981931,-1.0511711200481522,4,FREE
2.239999999999975,13.070000000001034,0.3,0.4,2.2638149975198485,0.4153480864512906,0.06052744493902158,-5.522189228854676,-5.840675127589397,-39.316087976319004,-22.004684376702954,27.478670936680714,6.016420925356461,5.990279336693006,1.3448446912908119,1.2704615813973335,8.177721408542077,8.390773565915287,-1.1704676195159152,-0.91766447771483,4,FREE
2.249999999999974,13.080000000001037,0.3,0.4,2.2748210065942462,0.42109630660473457,0.06004440749094711,-5.801735675314986,-5.9651177230320584,-24.01259848288112,-10.283759243357357,27.53641358360593,5.57975069682404,5.997547531926238,1.2827147468014504,1.2214176679181914,7.699167198008271,7.913674739600572,-0.9351409500193664,-0.6838306598808752,4,FREE
2.2599999999999727,13.09000000000104,0.3,0.4,2.285528265029765,0.42669755285710537,0.05957735398901776,-5.948077407238757,-6.013339921655348,-11.937983857067689,-3.7905111087130012,27.596232229021883,6.176703050156478,6.06357194998011,1.2304088149301493,1.1926295396101334,7.448556024249386,7.6666493947648355,-0.6341097521571335,-0.3766810186975748,4,FREE
2.2699999999999716,13.100000000001044,0.3,0.4,2.2961617600462003,0.43227320044849193,0.05911781179123261,-6.007319676755136,-6.051500310308951,-5.52653165792458,-3.6709735587130163,27.65670932285037,5.180345799387062,6.0971453133586495,1.1967117023412053,1.188328354013366,7.518693047252444,7.737412799295134,0.06678062798193113,0.3021692228948925,4,FREE
2.2799999999999705,13.110000000001047,0.3,0.4,2.3069455911810803,0.43794375203973707,0.05865544363773819,-6.041320590731909,-6.145379343764543,-3.6008678602183086,-10.830296432685904,27.716094413633108,6.335345817468094,6.0975589187982475,1.188916440281738,1.2117580235505971,7.828113579269374,8.04679391437179,0.2762878834254947,0.5081001473917999,4,FREE
2.2899999999999694,13.12000000000105,0.3,0.4,2.318019963698189,0.44378512639098744,0.058181782422152634,-6.119539805496913,-6.336306029899307,-9.046956958516077,-21.114451743650438,27.773733644812257,5.621542395496063,6.139702613098988,1.2046567409555362,1.2467637305897894,8.244783497275261,8.465608074194899,0.3362514398324681,0.5820246960613755,4,FREE
2.2999999999999683,13.130000000001054,0.3,0.4,2.329410332884559,0.4498121059662796,0.05769296811091108,-6.289445712560839,-6.632240150415452,-18.470231958403584,-31.4545309338341,27.829901242529967,6.373781487541602,6.202824410359342,1.2386701567163634,1.2813971510905016,8.641609176390162,8.864212480302884,0.2711246333215528,0.5081714446465745,4,FREE
2.309999999999967,13.140000000001058,0.3,0.4,2.341014941204732,0.4559712762747902,0.057190846793141785,-6.565104464440924,-7.0040805856793265,-29.491331936085302,-38.48816738417257,27.884706931454325,6.721158907233632,6.216075841931975,1.2740221816464645,1.3027159690289913,8.839171631528929,9.062329713716199,-0.2207656083432069,0.014888405478619915,4,FREE
2.319999999999966,13.15000000000106,0.3,0.4,2.35266442663123,0.46217250981583496,0.05668163369402724,-6.925946020881045,-7.403072668410914,-37.367588842377835,-39.865281360632764,27.93924277052546,5.897378392587926,6.251340078215421,1.2983373832474003,1.3018516756404277,8.821095751026089,9.046081845787118,-0.5294924944610518,-0.2887430846995741,4,FREE
2.329999999999965,13.160000000001064,0.3,0.4,2.364164658877053,0.4683116153330434,0.05617388837140249,-7.324056900079688,-7.7731905190009725,-39.39800567702907,-35.692164570748204,27.994965435474075,6.037951847362561,6.313838665984536,1.3049743553800068,1.279478324282535,8.570287397351127,8.798266550667677,-0.8257803261988961,-0.5758343704673565,4,FREE
2.339999999999964,13.170000000001068,0.3,0.4,2.3753464982324974,0.47429699767266104,0.05567649995556999,-7.704289307191167,-8.065583714945905,-37.10101302111841,-27.185716702207316,28.052970159967874,6.144535766090055,6.3653747195586154,1.2864123909229757,1.2405686196200187,8.152975803302727,8.382786864513267,-1.0078575693852394,-0.7616448566893487,4,FREE
2.349999999999963,13.18000000000107,0.3,0.4,2.3861092780125728,0.4800731715541119,0.055196379347643834,-8.014784566751986,-8.251221709006256,-28.730026926477255,-16.112454857583487,28.113137738290774,5.8884156340513,6.332861806528165,1.2492360597964067,1.1921112378980527,7.645544662025762,7.87428661058108,-1.076412433947252,-0.8296474483308203,4,FREE
2.3599999999999617,13.190000000001074,0.3,0.4,2.3964589819149684,0.4856420066541263,0.05473651388234134,-8.222945723709005,-8.332154409903294,-18.19444216316784,-6.029075954975548,28.175588689190374,6.492436734551518,6.352422527190495,1.202869761515785,1.1477701716207749,7.206941970568141,7.436382023474411,-0.9468825167023568,-0.7001639860563139,4,FREE
2.3699999999999606,13.200000000001078,0.3,0.4,2.406488944676897,0.491052721334815,0.054295166734530165,-8.323195363752872,-8.335841401617714,-6.68030887543873,0.8267651002629842,28.239697679114848,6.481042514193435,6.34359347510387,1.1559499403623295,1.1160220798277596,6.921121889595474,7.149717179990643,-0.6970456479615663,-0.4588523992820017,4,FREE
2.3799999999999595,13.21000000000108,0.3,0.4,2.416350865279536,0.4963866604783362,0.05386647262398557,-8.339035113442716,-8.306733054909307,0.13300822503815088,3.2500019324291,28.30409419360685,7.137087286513489,6.2981820399987525,1.1211749456211533,1.101324682704558,6.818791225369382,7.045435852817971,-0.4723881246768725,-0.23876365580862313,4,FREE
2.3899999999999584,13.220000000001084,0.3,0.4,2.4262212588487033,0.5017394872890045,0.05344218524487589,-8.31337313094772,-8.29658468753738,1.9045765896369191,0.5339053718115225,28.367983466701585,6.185291467040274,6.310346203472039,1.103238433866505,1.1062100157893406,6.966030830875647,7.192314495256333,0.015967177658482018,0.23502578379316727,4,FREE
2.3999999999999573,13.230000000001088,0.3,0.4,2.4362411343779047,0.5071881113216891,0.05301398524203012,-8.29476882318256,-8.34675874496234,1.4103770858347493,-6.3168422193957365,28.429908285784208,5.520128913474401,6.218691249651907,1.1047071218424385,1.126653683686251,7.23486213109801,7.458252357978904,0.1068296882961975,0.33592885477400175,4,FREE
2.409999999999956,13.240000000001091,0.3,0.4,2.446473510927256,0.5127675328127256,0.05257630302585082,-8.33063638696784,-8.475900188306156,-4.505174172102904,-14.404815447257711,28.489820997258104,5.583390803580012,6.196234171074151,1.1216893257625618,1.1514535592763564,7.5393399765989955,7.761912218776558,0.10914201589456587,0.33552230511300984,4,FREE
2.419999999999955,13.250000000001094,0.3,0.4,2.4568961210326568,0.5184661693262236,0.05212757290991038,-8.443584800185098,-8.677755205735236,-13.131337552621586,-21.258543907092285,28.548090332437162,5.9439361941476205,6.194429522806936,1.1456718567916293,1.1711007454188258,7.770184221306998,7.993113353648278,-0.029910786815444013,0.20051207843550348,4,FREE
2.429999999999954,13.260000000001098,0.3,0.4,2.4673919690417967,0.5242202249875473,0.05167087901470398,-8.63257045088882,-8.918323505950497,-19.941262216815016,-24.610346044633822,28.605413101319947,5.823642411667051,6.169507681212157,1.167717959236698,1.177004168517446,7.810841146204996,8.03353761145385,-0.4774393770090495,-0.24015983873738622,4,FREE
2.439999999999953,13.270000000001101,0.3,0.4,2.477816074186539,0.5299500433395511,0.05121237435410816,-8.86918565521087,-9.155447720554307,-23.9559419022708,-23.17510374746863,28.66315759036211,6.38334887538457,6.220516658376601,1.177095580645694,1.1644505335821924,7.680477313647867,7.905335470340644,-0.6784871287318316,-0.4421510254111184,4,FREE
2.4499999999999518,13.280000000001104,0.3,0.4,2.4880393420565468,0.5355840736527723,0.050759083304198135,-9.110398852777568,-9.3515938400045,-23.789908417728217,-18.3158723834738,28.722396790555702,5.664390182157336,6.289241241600835,1.1694262794112438,1.138846777407764,7.411338761537442,7.639701578766868,-0.8474424115886218,-0.5938361382829652,4,FREE
2.4599999999999507,13.290000000001108,0.3,0.4,2.4979688159379307,0.5410702464235849,0.05031715843998056,-9.317219419872714,-9.479743667221934,-19.248568664566125,-11.122789149303284,28.783829011148345,6.734159263084949,6.337503884385386,1.145638479091777,1.1045236217191186,7.054220440847254,7.283693758142277,-0.9388069702691059,-0.6995444881291418,4,FREE
2.4699999999999496,13.300000000001111,0.3,0.4,2.5075839118821133,0.5463962058051289,0.0498901795383512,-9.460333666050943,-9.534034041044228,-12.706926698875694,-3.817421609489453,28.84682481824363,6.293285594897952,6.3275184353376766,1.1123114806732908,1.0700212101074005,6.720601989735553,6.949305732975432,-0.8376552238392136,-0.6067232298406489,4,FREE
2.4799999999999485,13.310000000001114,0.3,0.4,2.516924652389994,0.5515833610948477,0.049478282513624294,-9.528606433373833,-9.526335674233852,-4.73309518128534,1.9910694731135752,28.910811857079942,6.37279598016814,6.283899317122099,1.0774457869393168,1.0414420420946315,6.454367112237215,6.681490912059351,-0.715623414968368,-0.4841529616211593,4,FREE
2.4899999999999474,13.320000000001118,0.3,0.4,2.5260720390686755,0.5566762588250885,0.049078741609679594,-9.531753202905952,-9.480512165822935,1.304536410624103,5.114277488550103,28.975377798500944,6.612270834290223,6.266575251674272,1.0468909892622726,1.023240087547003,6.30918589802336,6.535895980101089,-0.5341704350147763,-0.29682515549262006,4,FREE
2.4999999999999463,13.330000000001121,0.3,0.4,2.5351450414527332,0.561741017257089,0.04868637411127882,-9.491025306542884,-9.431586937628683,4.771666432875282,4.707437583475515,29.03985703742219,7.543860243355355,6.243628973409167,1.024911670752189,1.018516618772859,6.31410668692427,6.539415150280352,-0.3359752332583012,-0.10820404060978767,4,FREE
2.509999999999945,13.340000000001124,0.3,0.4,2.5442494348533424,0.5668367372168128,0.048295211087938494,-9.440084621850769,-9.410661730963104,4.332211673872309,1.5822040964615263,29.102909652462568,6.771056513765134,6.154041786188651,1.0182718413073573,1.0240652149222658,6.436007228368622,6.65721593184205,-0.11716184649235152,0.09316767656779786,4,FREE
2.519999999999944,13.350000000001128,0.3,0.4,2.5534446450824775,0.5719969730632488,0.04790059491596115,-9.411605771203536,-9.435235983248132,2.1304326105689104,-3.3025088080732727,29.164091642894224,6.414885000005086,6.07712098631248,1.022480291867787,1.0361421960766002,6.601846302367864,6.820953162573278,-0.12236536039913225,0.10055681085048356,4,FREE
2.529999999999943,13.360000000001131,0.3,0.4,2.5627396815247128,0.5772271415387477,0.047500223241720735,-9.426406107156206,-9.508037416309149,-1.8147729127966965,-8.077298774519099,29.224181492084053,6.087487755958692,6.0914937952960955,1.0339042053503462,1.0475797758672998,6.757137189567332,6.977181873442562,-0.14701733745900508,0.08233935676282701,4,FREE
2.539999999999942,13.370000000001134,0.3,0.4,2.572094773354591,0.5825049894985456,0.047094437878447096,-9.489784541160567,-9.617439866866208,-6.642523561128778,-11.255515481571324,29.283883344404764,6.661255912470068,6.136289022800623,1.0451207423344675,1.0527169173791076,6.82593779870599,7.047866357517549,-0.30054247222083175,-0.06793463879404062,4,FREE
2.5499999999999408,13.380000000001138,0.3,0.4,2.581424863774517,0.5877823689671438,0.04668632497210322,-9.593763538686172,-9.738451065311237,-11.537404262970924,-12.15916846047339,29.343653141970545,5.689356107549127,6.162140822345815,1.0522405563535298,1.0490536884492712,6.788479825881248,7.011062778583535,-0.5285174149132285,-0.30425786644370245,4,FREE
2.5599999999999397,13.390000000001141,0.3,0.4,2.5906521798029627,0.5930148844267216,0.04627996135078267,-9.714395302982393,-9.848248039254594,-12.019333955539409,-10.408443612894963,29.40367749522961,6.882240990724405,6.156057450864137,1.0501824298174403,1.0352455863839836,6.650921836877373,6.873744922120381,-0.6763571713902857,-0.4453856747901709,4,FREE
2.5699999999999386,13.400000000001144,0.3,0.4,2.599696299874,0.5981563992249953,0.04587979631894942,-9.828572697659602,-9.923183543984223,-11.299282695007609,-6.49724804350516,29.46458220399256,5.783699185059107,6.162916694430691,1.0391759089323287,1.0132902127292551,6.433455797898324,6.656433376291023,-0.7394455147273674,-0.5130032263760479,4,FREE
2.5799999999999375,13.410000000001148,0.3,0.4,2.6085184476055145,0.6031841755889559,0.04548922073148304,-9.911718135997065,-9.95187438356645,-7.1909758106374895,-1.7503980880925036,29.52642828525625,6.04257150081765,6.151900469294629,1.01853525107999,0.9883005470880565,6.186796575887624,6.409481271334502,-0.7679659341217587,-0.5405265741430646,4,FREE
2.5899999999999364,13.420000000001151,0.3,0.4,2.6171183959019673,0.6080975103558955,0.045109739609793933,-9.95006424602432,-9.934298624211758,-2.5150055318425317,2.8584669361227357,29.58952965543063,5.7307435762487975,6.1847393994836635,0.9935530640252598,0.9640038251241317,5.964858521991713,6.188857466948067,-0.6548519726243843,-0.4241634205237831,4,FREE
2.5999999999999353,13.430000000001154,0.3,0.4,2.6255414899986746,0.6129217851212936,0.04474054373157174,-9.940985299538644,-9.883860218806632,1.388986748491817,5.692817485618761,29.653352598174205,5.807435516911893,6.166613941661218,0.9693099063969083,0.9465901578960968,5.816568559038013,6.039195369496338,-0.5573550242150366,-0.3393329569108179,4,FREE
2.609999999999934,13.440000000001158,0.3,0.4,2.6338501949920676,0.6176924664841906,0.044379010763325226,-9.895651538681735,-9.818980757935014,5.296249895969145,6.678399984275921,29.71707770996709,6.202417572240526,6.132911209639314,0.9493609382646057,0.9362892028844709,5.749258467817657,5.971222492218881,-0.4472034077767548,-0.21558988275004376,4,FREE
2.619999999999933,13.450000000001161,0.3,0.4,2.642119159369509,0.6224524379492918,0.04402146181753394,-9.832022719503138,-9.761728027353113,6.672275112700191,5.474465829837215,29.78057243944936,6.911636383648693,6.1214525409877005,0.9372397007415231,0.934328852066495,5.7745074602846,5.995528989280946,-0.3230993590720941,-0.1005457635973835,4,FREE
2.629999999999932,13.460000000001164,0.3,0.4,2.650405951991598,0.6272348732512231,0.043664215587603784,-9.77162641492906,-9.729076626365782,5.654266658025303,2.8725423709544096,29.84308294386795,5.850220835727344,6.078114985400812,0.9341091328031462,0.9376330955443465,5.8548130471624,6.073802855103773,-0.22662521024268117,-0.013012997090782893,4,FREE
2.639999999999931,13.470000000001168,0.3,0.4,2.658736608499407,0.6320549451962729,0.043304812125628256,-9.733206960659263,-9.728690317826263,3.959881966801545,-0.5070169776439418,29.904381402586377,6.561879720943752,6.032829148595104,0.9365707186778909,0.9437978800099339,5.955785690889154,6.173491765581762,-0.22159978181672374,-0.0009465667700011005,4,FREE
2.6499999999999297,13.480000000001171,0.3,0.4,2.6671073001523102,0.6369105683693206,0.04294229625265868,-9.726012720799448,-9.759419339270746,-0.7530235010124875,-3.3977076850088017,29.96480221043912,5.680483625665366,6.016372789903292,0.9421739299617385,0.947981352761237,6.0211239111169546,6.238035948807933,-0.31406585550445754,-0.09952428333826872,4,FREE
2.6599999999999286,13.490000000001174,0.3,0.4,2.675466908422358,0.6417720311804999,0.04257792231133619,-9.751555443096208,-9.80605752571025,-3.5732321921769254,-4.6949936803418595,30.0248507587266,6.172152822637719,6.029680929125229,0.9480868097446461,0.9460168153894566,6.0205614327025865,6.2386744363522695,-0.3964588419225629,-0.16884036788775086,4,FREE
2.6699999999999275,13.500000000001178,0.3,0.4,2.6837626544785826,0.6466084125799287,0.042214180780863544,-9.796064665789164,-9.852943637950544,-4.95485981392896,-4.551085711542552,30.085131293818918,6.479653678140384,6.045053770788339,0.9465829783026185,0.9385329143431479,5.943269559159756,6.161886243877627,-0.594254969801626,-0.36911506242742237,4,FREE
2.6799999999999264,13.510000000001181,0.3,0.4,2.6919309749278413,0.6513822196747729,0.04185423518402201,-9.844469647927294,-9.881158779300499,-4.997796165160055,-2.1897900427588115,30.145983855617427,5.498246006532259,6.060798801999811,0.9405195674751748,0.9226545425964753,5.793891340571906,6.01325746135324,-0.634317798942084,-0.40652511338764963,4,FREE
2.6899999999999253,13.520000000001184,0.3,0.4,2.6999394307838385,0.6560740059734657,0.04150082080674124,-9.877640076879716,-9.881057138715779,-2.739860236435546,0.7614909904403339,30.207686256481292,7.216456639433477,6.080830030850593,0.9265200799951605,0.9046224207850899,5.623144430367308,5.843260536281052,-0.654048368458007,-0.4254420701503945,4,FREE
2.6999999999999242,13.530000000001188,0.3,0.4,2.7077807813113277,0.6606790215443586,0.041155377447924975,-9.88355545299309,-9.850447069359776,0.9715162865800717,3.7930567562733337,30.270196201290894,5.942801211419851,6.087799491917108,0.9089471480785152,0.8863963515521954,5.453909681221269,5.674127810570407,-0.6425943370628859,-0.4159846958700135,4,FREE
2.709999999999923,13.540000000001191,0.3,0.4,2.7154774777694937,0.6652100166218239,0.040817828320935945,-9.85894332869082,-9.795952565051946,3.863914715989105,6.061177669094211,30.333086214599827,5.703720842939316,6.065241376056872,0.8902618020115319,0.8711791094011339,5.335678117071819,5.554918205036857,-0.49863188304925454,-0.2736625263989254,4,FREE
2.719999999999922,13.550000000001194,0.3,0.4,2.723077383843925,0.6696949533012874,0.04048651157996726,-9.808099123856255,-9.731777483231767,5.783485513695276,6.6338778703396075,30.396085087212114,6.176503527758364,6.060052401159257,0.8744861581716532,0.8624772437039062,5.2780660512384445,5.496998700284131,-0.43653142802179357,-0.21238441343504724,4,FREE
2.729999999999921,13.560000000001198,0.3,0.4,2.7306209999650695,0.6741576410463641,0.040159098167323846,-9.744693158046303,-9.66989374865572,7.481927685396429,6.183218100127629,30.458985835187416,6.579597344681929,6.058296968889278,0.8639534727763656,0.857700239382946,5.260904773180686,5.479771581717988,-0.3928270320185192,-0.16701716531471875,4,FREE
2.73999999999992,13.570000000001201,0.3,0.4,2.7381391364887557,0.6786163157139604,0.03983347283750971,-9.68164002604507,-9.619390109188426,6.558678470236294,4.8634749170231,30.52171209965224,6.012802729584471,6.070549030474806,0.8586140317471608,0.856233544266591,5.280827285040253,5.5001292087887945,-0.342796366635776,-0.11523974934446185,4,FREE
2.7499999999999187,13.580000000001204,0.3,0.4,2.7456573137339184,0.6830861027767432,0.0395079169194671,-9.628187586463673,-9.58779124037173,5.7055837602717885,2.870821861661674,30.583839171105218,6.157824000991389,6.044213394031119,0.8563317369813057,0.8573003844056225,5.324540686742273,5.542483785952367,-0.3276846707263339,-0.10734072360881085,4,FREE
2.7599999999999176,13.590000000001208,0.3,0.4,2.7531716235469172,0.6875646896189094,0.039181722181059905,-9.592539714585856,-9.57383327441176,3.281578148848012,1.238727627166704,30.64533054546087,6.16320435812582,6.0254408578327885,0.8565447233031134,0.8569569551473024,5.344236756477326,5.561354161630663,-0.3748879975317307,-0.1582027123563739,4,FREE
2.7699999999999165,13.600000000001211,0.3,0.4,2.760656445064508,0.6920367038978416,0.03885548286092356,-9.575628725377939,-9.569766506481903,2.2045041235484013,0.4192683422854043,30.706292195784226,6.586627919243357,5.993867293081676,0.8577936719877463,0.8534981480081552,5.332219950034955,5.5481948627036575,-0.40527605685354595,-0.18970558642214722,4,FREE
2.7799999999999154,13.610000000001214,0.3,0.4,2.7680845876796503,0.6964856912428872,0.03853048596223242,-9.570119183456878,-9.567391804349827,0.5072246860157975,0.45780016651522815,30.766894949848385,5.6201381411268025,5.962543844324933,0.8545102617014174,0.846771849938088,5.280205641196243,5.495089673255889,-0.46531663223760766,-0.25048888191605667,4,FREE
2.7899999999999143,13.620000000001218,0.3,0.4,2.775424184702059,0.7008922901218274,0.03820841507369345,-9.568200118382597,-9.557105012441072,1.0989246648328108,1.339359398228691,30.827582620021303,5.567948405362227,5.958123449949513,0.8483383507616018,0.8368660096235218,5.189726307536091,5.405036823012002,-0.5502413737240974,-0.3240861118836638,4,FREE
2.7999999999999132,13.630000000001221,0.3,0.4,2.782650071852821,0.7052410420474361,0.037890842223221664,-9.560170827223565,-9.53129367645237,1.598609394767726,3.0870229943504333,30.888813579000225,6.408166934935428,5.979189063667731,0.8387305085780533,0.8237223394821185,5.069875615073856,5.285605734740778,-0.5749172204825359,-0.3560787066340249,4,FREE
2.809999999999912,13.640000000001224,0.3,0.4,2.789748865307975,0.7095234363449346,0.03757894611041339,-9.538033235966584,-9.48583284698605,3.4133150706164006,5.047024376717245,30.95040433498847,6.22957806944822,5.966278258912495,0.8258275086997142,0.809852043442038,4.94921950849122,5.164524686040776,-0.5513875181709889,-0.3306702050851224,4,FREE
2.819999999999911,13.650000000001228,0.3,0.4,2.7967274794238426,0.7137433029836124,0.03727298760956191,-9.496344766954742,-9.422691102134426,5.364896629851854,6.808656097850249,31.012394730211565,5.564971343598016,5.969080785512735,0.8129531744390985,0.7968211222913872,4.8335742923349505,5.049066730911682,-0.5541623152547399,-0.33059161051442787,4,FREE
2.82999999999991,13.660000000001231,0.3,0.4,2.8036014825767532,0.7179097160227133,0.036972556182993555,-9.436742458137752,-9.346393737867405,6.476641975595618,8.050820532420616,31.074411732617637,6.095288250836321,5.927277527176631,0.7998743764092909,0.7858516650710032,4.7601260732295545,4.974022762549205,-0.41433286828270216,-0.1907001186818053,4,FREE
2.839999999999909,13.670000000001234,0.3,0.4,2.8104148317385715,0.7220492055622882,0.036676106169705215,-9.362068218899879,-9.270047752264244,7.837022227071461,7.711697309422193,31.13639822286215,5.740871491995221,5.939990638172299,0.7886797020293008,0.7809554043016641,4.733248754710177,4.947385096449437,-0.4192076526177565,-0.198902185916649,4,FREE
2.8499999999999077,13.680000000001238,0.3,0.4,2.8171860745378887,0.7261729335903871,0.036382101940297444,-9.285095838651324,-9.199057804269117,8.179955547076652,7.001038523687444,31.198205754995517,5.860686878356732,5.931545244252491,0.7821918485877768,0.7775121786084693,4.73353711222521,4.947164688131097,-0.34060434615287827,-0.12267173144761866,4,FREE
2.8599999999999066,13.690000000001241,0.3,0.4,2.82394797708299,0.7303008219278244,0.03608893795975002,-9.212212913228491,-9.143162549904158,7.166405291545542,5.375886770850022,31.259473634924543,5.458510001713196,5.912331663559841,0.7774508082706756,0.7775606924424792,4.76529142865798,4.978063167469372,-0.3165841459492363,-0.10074908817843815,4,FREE
2.8699999999999055,13.700000000001245,0.3,0.4,2.8307002455077437,0.7344326693093809,0.03579575411354267,-9.152934831447066,-9.102126265178732,5.708651250992886,3.9753426460045063,31.32013896193077,5.689228663677323,5.884842363854854,0.7774652460194016,0.7767498190698455,4.7793843903432345,4.991475831875389,-0.3550856031704164,-0.1325100032540507,4,FREE
2.8799999999999044,13.710000000001248,0.3,0.4,2.8374315077679677,0.7385615124455542,0.035502660554190345,-9.109326586187978,-9.072422904099996,4.0664793106129755,2.9249934073249855,31.380646978062934,5.77763882845518,5.907966057873453,0.7775415724567872,0.7746029255800865,4.777315306601223,4.990180483065958,-0.3952428523941776,-0.1741035410691339,4,FREE
2.8899999999999033,13.720000000001251,0.3,0.4,2.844125920032552,0.7426774893757199,0.03521034565518989,-9.077783535358327,-9.049178116822638,2.654632013423772,2.3312767745032494,31.441096150895266,5.872060651599422,5.9132831571591815,0.7756658285492715,0.7707219301795881,4.763605569808956,4.9765026294353945,-0.3829856968845829,-0.16436753786706843,4,FREE
2.899999999999902,13.730000000001255,0.3,0.4,2.8507676510002127,0.7467706765853298,0.03491963854134244,-9.053286730113946,-9.027528301307944,1.992935435865705,2.4284182952297675,31.501522769763962,6.0928462207121,5.917315068527393,0.7709997232558142,0.7642194796712491,4.707973406438575,4.921147471176171,-0.46787623128313083,-0.24650149015444578,4,FREE
2.909999999999901,13.740000000001258,0.3,0.4,2.8573231967641495,0.7508202053453477,0.03463198607856835,-9.032357369041424,-8.997253298411234,2.170550086560961,3.3326997863553425,31.562338866947254,5.9895713807773365,5.941481982214572,0.7659411290501416,0.7546812764559773,4.620517421429643,4.8343182637941196,-0.5346041906130459,-0.3181692902240547,4,FREE
2.9199999999999,13.750000000001261,0.3,0.4,2.863770056070334,0.7548118072139022,0.03434872508769508,-9.004327240774225,-8.951425835713902,3.0836845763197807,5.07463094381191,31.623402550634335,5.7198611147960605,5.919435867599186,0.7568598344719902,0.7420151828415377,4.507491015924232,4.720708695323804,-0.541210508787191,-0.3195439258508641,4,FREE
2.929999999999899,13.760000000001265,0.3,0.4,2.8701072182126866,0.7587445696090718,0.03407062429997458,-8.962015360786348,-8.889635245811245,4.923343900946501,6.547566309042557,31.68480697021555,5.472740471398994,5.918092166760072,0.7450007143859781,0.730451869865898,4.414270156363421,4.627308614274432,-0.48621145319450815,-0.2661809204208527,4,FREE
2.939999999999898,13.770000000001268,0.3,0.4,2.876356138966962,0.7626315484367628,0.033797282848745495,-8.902839327586667,-8.818252628611992,6.252607154479586,7.449370569844775,31.74635796833123,6.1054134637563235,5.910518802269214,0.7325090879345599,0.7211336874352204,4.339488034153928,4.552189816238382,-0.4770222191807051,-0.25700466086004226,4,FREE
2.9499999999998967,13.780000000001271,0.3,0.4,2.8825248496839087,0.7664775641035535,0.03352807860021247,-8.833213349900905,-8.739546437396458,7.1113918547459045,8.191981156273252,31.80815229438009,5.9077379221867625,5.926870842870844,0.722392970604357,0.7124901720692253,4.279289675635516,4.492202854595515,-0.40519733669483393,-0.19183078601868997,4,FREE
2.9599999999998956,13.790000000001275,0.3,0.4,2.8886260272617377,0.7702949821802902,0.03326256832472988,-8.755575007894237,-8.663975777652057,8.221385391260872,7.857173105239805,31.869006384223056,5.620186776147512,5.8817960934871465,0.7131156132153352,0.7080108752724313,4.250293496973628,4.449049387532733,-0.35185603648864366,-0.1380929598492156,4,FREE
2.9699999999998945,13.800000000001278,0.3,0.4,2.8944431103618395,0.7740158067708951,0.033010020666725405,-8.676432432183061,-8.645468471858662,8.06848365678185,0.5220057800419071,31.916409249360207,5.205550543668738,4.307830967794682,0.7088373117204945,0.6713964649890629,4.178181081360314,4.308825921151347,-0.3705793890872966,-0.16638556811161928,4,FREE
2.9799999999998934,13.810000000001281,0.3,0.4,2.899913723445044,0.7775815370222696,0.03277456776437106,-8.643476463493188,-8.69912433988928,2.420536358478512,-6.785088719458204,31.944301303599154,4.627286696410634,2.52483726295345,0.678921633422379,0.6345838173105948,4.108374250853653,4.171373916777968,-0.35788333499644537,-0.14468245612502312,4,FREE
2.9899999999998923,13.820000000001285,0.3,0.4,2.9050549179321195,0.780967350975347,0.03255749261210896,-8.682481780625109,-8.825376112244946,-4.938703207015131,-14.24102600914339,31.95283124493383,2.431341872663185,0.7721121467587592,0.6425054396955792,0.5981727889059228,4.007335973813704,4.008059557171349,-0.5988306630723039,-0.3702479804267902,4,FREE
2.999999999999891,13.830000000001288,0.3,0.4,2.909773473979676,0.7840945267545185,0.03236020107099443,-8.795341286609288,-8.993295529719727,-12.783042936658186,-17.230865215558087,31.944426674042592,1.0280741634420423,-0.7529831732056904,0.6053544226393576,0.5445579643291132,3.704227486393858,3.65049358501848,-0.8893757986010419,-0.6405991491512214,4,FREE
3.00999999999989,13.840000000001291,0.3,0.4,2.9139028307877437,0.7868466468273992,0.032185028597988205,-8.95908142258318,-9.150864651102482,-16.42465637565488,-15.00332987429298,31.92312741789658,-0.48084101263552864,-1.99743371737085,0.5590902687528212,0.4709636233197059,3.175678615074021,3.0761671174760736,-1.176928312153928,-0.9173858294578296,4,FREE
3.019999999999889,13.850000000001295,0.3,0.4,2.917270859155545,0.7891089437429525,0.0320368003174704,-9.12289559242743,-9.245113327445761,-16.327933021285123,-7.696065375409975,31.892315695623537,-1.5956396075726618,-3.039142828092953,0.48851228016314924,0.37804598039777554,2.4323468019850574,2.2945317917427315,-1.4459745591923492,-1.1803703072498444,4,FREE
3.029999999999888,13.860000000001298,0.3,0.4,2.919745476892416,0.7907958844485999,0.031921701861795625,-9.233437108166497,-9.235794254234676,-9.87792307240528,3.031455393221314,31.855229549175004,-1.8929338699753793,-3.8298877090975596,0.39924470220214575,0.272203558398181,1.5450918251288899,1.3813536363093273,-1.6984565149600377,-1.402073201877341,4,FREE
3.039999999999887,13.870000000001301,0.3,0.4,2.9212666063017187,0.7918700241838283,0.03184495140187381,-9.247066579638375,-9.10484481405492,0.3400744872416242,15.453455433302251,31.814576734381152,-3.4210728910510015,-4.387676231426666,0.294965758788406,0.1600011899213461,0.6247573513456652,0.44530365360895663,-1.637851038543781,-1.3311881194582624,4,FREE
3.0499999999998857,13.880000000001305,0.3,0.4,2.9218673675379208,0.7923542621226015,0.03180890367082964,-9.14057832824619,-8.862637812789373,12.957652037923685,26.03499202546627,31.772163815466467,-4.152998848134695,-4.750899600780052,0.18243318240983158,0.054839764147266386,-0.20516883241457826,-0.3904122200325084,-1.4696290606296343,-1.1568695260511215,4,FREE
3.0599999999998846,13.890000000001308,0.3,0.4,2.921658881538869,0.7923213407378057,0.03181182363630942,-8.918501672255426,-8.543163148693315,24.4366525029649,32.955808342580525,31.728758955151452,-4.305337180747649,-4.988332582053191,0.07508123656305896,-0.0363714325595581,-0.8735121046122873,-1.0591919958019684,-1.2370642090631436,-0.9325592269832386,4,FREE
3.0699999999998835,13.900000000001311,0.3,0.4,2.92079134318828,0.7918686163584134,0.03184850663659903,-8.611485923679245,-8.192086817607228,31.494397957986177,35.550834280550625,31.684335990658408,-4.767090883643121,-5.12498466819005,-0.017898500719577787,-0.11105801914053774,-1.3228149617740816,-1.5042665556156722,-0.7267974974949781,-0.42856466262078097,4,FREE
3.0799999999998824,13.910000000001315,0.3,0.4,2.919419339853806,0.7910963943455249,0.031912182144380415,-8.262477700291765,-7.856306258038693,35.49781925593879,32.84885857766032,31.63860442005988,-4.838783863707455,-5.2230030760133825,-0.09605796894679888,-0.16543185067369284,-1.5966159610514385,-1.7717212645543594,-0.5747728423707101,-0.2811022116861997,4,FREE
3.0899999999998813,13.920000000001318,0.3,0.4,2.917645350244493,0.7900717810484248,0.03199623939127584,-7.920391963965306,-7.566712232869509,33.1814857195995,27.703701698293536,31.59161249303528,-5.307683723081601,-5.240216300615295,-0.1559114272111879,-0.21031134425881642,-1.775452242357414,-1.9437845420915099,-0.47217800586237724,-0.1758846160396472,4,FREE
3.09999999999988,13.930000000001321,0.3,0.4,2.915509419957779,0.7888220277486251,0.03209612572438944,-7.6198893732614,-7.335155947057857,28.860877250592345,21.94606527284576,31.544109638136,-4.629323130618097,-5.154116436021688,-0.2012381471745207,-0.2526743306872342,-1.9486168217634445,-2.1104231990217546,-0.5034654619174138,-0.20617466057259212,4,FREE
3.109999999999879,13.940000000001325,0.3,0.4,2.9129928943731143,0.7873318319086458,0.032209165021836725,-7.377038193426679,-7.148746947767623,23.447113394069024,17.254749255063853,31.4974390689932,-5.1297976802795295,-5.02575595515047,-0.243368091490114,-0.29896623816335083,-2.1849886168855397,-2.3324641227080223,-0.7662239140385059,-0.4783495130389972,4,FREE
3.119999999999878,13.950000000001328,0.3,0.4,2.9102381824250054,0.7856111622628554,0.03231381365433703,-7.18560009369656,-6.928166609599375,18.4622820841201,23.33035531590506,31.46314647421616,-5.5782277160920675,-3.535968966253457,-0.28978303434702657,-0.3272083791125671,-2.5318784728849466,-2.6191506784600613,-0.9703350839911142,-0.6767780704845119,4,FREE
3.129999999999877,13.960000000001331,0.3,0.4,2.9071784074043467,0.7836347205049299,0.03241874598303189,-6.978415979793853,-6.6178783238767025,21.787298094226852,33.20190213262713,31.448372119019247,-4.111669070240441,-1.7457420083112738,-0.31871898543176586,-0.36981057346502705,-3.0347309001569474,-3.0571877192968318,-1.1526471532900404,-0.8622118631402553,4,FREE
3.139999999999876,13.970000000001335,0.3,0.4,2.9036949644622756,0.7813709085237549,0.0325457502346312,-6.688996485294996,-6.187216615628548,30.414305815566262,45.666305262795056,31.455263386218686,-1.5676042567114976,0.1397206650613192,-0.35955290994787914,-0.42217780462196475,-3.6277104067493644,-3.5863864602922213,-1.229457712175703,-0.9376927951276952,4,FREE
3.1499999999998747,13.980000000001338,0.3,0.4,2.8997950686456107,0.7788541533377725,0.03270748592577215,-6.283727412575625,-5.641795377118007,42.48423399707096,56.932417958460135,31.4821390039092,0.05391993651945084,1.7923694597982849,-0.4111079839693981,-0.46980434085730527,-4.090884937778165,-3.9993135473939394,-0.7799021642265833,-0.5344447105920946,4,FREE
3.1599999999998736,13.990000000001341,0.3,0.4,2.8956238334643456,0.7761890187690504,0.03289864252467025,-5.758159297065461,-5.026577312395466,54.66912959831962,62.51026729391894,31.52365470132568,1.6542410937551617,2.9576889099175125,-0.46086137713357533,-0.49537259693197644,-4.313408416152254,-4.189230302072772,-0.42610375735752504,-0.20741431509869246,4,FREE
3.1699999999998725,14.000000000001345,0.3,0.4,2.8913959304759396,0.7735118132986084,0.03310284068991237,-5.151989014105982,-4.405820541167886,62.11878205263717,61.460387334443425,31.57383515380341,3.574498042525278,3.7058235437558014,-0.4935777864216699,-0.4950501142848904,-4.2385996509236135,-4.095709836838215,-0.013602549273690687,0.18835667209744061,4,FREE
3.1799999999998714,14.010000000001348,0.3,0.4,2.8873421402775663,0.7709631661209275,0.03330197561982306,-4.526627424767581,-3.8478588960247557,62.72757452230373,54.07658473517832,31.62774965526155,3.1396433196506943,4.157253130296231,-0.49901717975849985,-0.469756214652676,-3.90765285842667,-3.7552118905435576,0.27676525914471634,0.4645263410961615,4,FREE
3.1899999999998703,14.020000000001351,0.3,0.4,2.883641722298089,0.7686497453809591,0.0334824426587317,-3.9521599397734986,-3.405224612529433,56.5005164915326,41.80664033226685,31.681616984569523,4.074482035774025,4.37540021443759,-0.475885522887489,-0.42499449330467215,-3.3619429532430907,-3.2066028991597877,0.6024923964959454,0.7780779005848941,4,FREE
3.199999999999869,14.030000000001355,0.3,0.4,2.8803665307678123,0.7666113291970053,0.0336379524112191,-3.483006377687882,-3.0980213471655045,44.3447906255232,28.17935485636725,31.73373686299694,3.943697232343913,4.504153317247692,-0.43445464836395076,-0.37443154897079883,-2.8172818181559616,-2.65995692782443,0.5015743514615209,0.673265445254494,4,FREE
3.209999999999868,14.040000000001358,0.3,0.4,2.8774563316288977,0.7648058921275257,0.033770377861505815,-3.1492607254348246,-2.9065159097513735,30.820682070880807,17.38748753811402,31.783665191555684,4.624076456999568,4.539230075479927,-0.38496399594426023,-0.3343974424107185,-2.407894147695902,-2.250254296120062,0.28476196790309527,0.45364053286831063,4,FREE
3.219999999999867,14.050000000001361,0.3,0.4,2.8747577471959245,0.7631339181288643,0.0338874907916391,-2.9376180186954346,-2.7829803477345796,19.39798723242691,11.725170798254675,31.831999366506952,4.472963932256143,4.5377485417964225,-0.341565938810029,-0.31390649470155496,-2.226094461229435,-2.067992445972803,-0.022795859807235447,0.15159590192467523,4,FREE
3.229999999999866,14.060000000001365,0.3,0.4,2.8720791248505444,0.7614725990357516,0.0339996616390959,-2.804752551186633,-2.6682939876653835,12.941158720203019,11.52864360773292,31.87970141646014,3.7235571701240158,4.478565886630039,-0.316885865449745,-0.31436852587894576,-2.3056979910204127,-2.148923337788391,-0.5777126166337222,-0.40019721178620415,4,FREE
3.2399999999998648,14.070000000001368,0.3,0.4,2.8692442479661944,0.7597094618386946,0.034116758222491606,-2.693257402211778,-2.508202398982465,11.899074550064704,17.401032769216602,31.928219793450914,5.079495453646727,4.471709702616295,-0.3135630873206613,-0.33815394243572156,-2.586070441911414,-2.4286149222820828,-0.7436687721090052,-0.5604272421149374,4,FREE
3.2499999999998637,14.080000000001371,0.3,0.4,2.8661347817316343,0.75776888578943,0.034246026959944165,-2.545997553423792,-2.2661256761804514,15.936870038933568,26.245293856516344,31.978689207726404,3.4977906822540086,4.4779532367917385,-0.33207360803203495,-0.37332403494742583,-2.9818691000462905,-2.823803932665096,-0.8631451204402489,-0.6796615482839565,4,FREE
3.2599999999998626,14.090000000001375,0.3,0.4,2.8627977953302466,0.7556525067504684,0.03438791944307458,-2.3224214828691108,-1.9151872313362586,23.760177931010688,37.94140100793807,32.03360240316112,5.285420789958532,4.792326041675786,-0.3650282289136983,-0.3955568501626911,-3.303716877556114,-3.125496806557324,-0.7514909144389846,-0.5684151736996673,4,FREE
3.2699999999998615,14.100000000001378,0.3,0.4,2.8595514454579916,0.7535038324022753,0.03453298077477466,-1.9968294162666211,-1.433295643465851,34.73683288432157,50.997721113372755,32.099767689211866,4.4943799624218554,5.6544054117098606,-0.39549278996981413,-0.38712101718142417,-3.4421740945975765,-3.2302677887168194,-0.3483400923490607,-0.1827628724647561,4,FREE
3.2799999999998604,14.110000000001381,0.3,0.4,2.856528372461995,0.7514407213528908,0.03467854837694546,-1.5385527497728653,-0.8587409411652678,48.79614275724526,59.05695716458912,32.17660827082827,5.189358069365317,6.451617499839949,-0.39005538000362244,-0.35907325505116744,-3.37822156118034,-3.1380587530053634,-0.05466636951294518,0.10848503813510696,4,FREE
3.2899999999998593,14.120000000001385,0.3,0.4,2.8539230743765174,0.7496105299650339,0.034816460822753366,-0.9782730580450865,-0.25339666632597857,58.00774813323657,60.34902985781557,32.2622938127984,6.35887305011464,7.238331594202984,-0.3677890353513981,-0.3044614599189171,-2.986176667986877,-2.730431629241488,0.45313481536566746,0.6177532164307572,4,FREE
3.299999999999858,14.130000000001388,0.3,0.4,2.8520276573802152,0.748211200363491,0.0349339135304302,-0.37230624065548934,0.29251386804577906,61.16004114914388,52.72456355321712,32.35473471911043,7.046255975011805,8.007003080200645,-0.3210392568561062,-0.21492017556497897,-2.211790106715125,-1.9567051535813937,0.9037304421743461,1.053646933768809,4,FREE
3.309999999999857,14.140000000001391,0.3,0.4,2.8510991056109103,0.7474102088375495,0.03502498957583184,0.19166469241312997,0.7006260584031447,54.90760058471347,38.00503265470066,32.450356834039866,7.200252411607378,8.605049993487409,-0.2358229088004577,-0.09753169960469772,-1.103867713929465,-0.8764508747624483,1.4462505895728588,1.5815770779739877,4,FREE
3.319999999999856,14.150000000001395,0.3,0.4,2.8512766252480706,0.7472969480543408,0.03508757466029514,0.6325871762819941,0.9288340580760293,41.6852956031782,19.357650198596474,32.54702002486274,8.847797776090706,9.221178133063118,-0.1230600128475451,0.03529363418014042,0.11517324141067747,0.29726276335910307,1.457659131655617,1.5831516736655031,3,FREE
3.329999999999855,14.160000000001398,0.3,0.4,2.8525498214001983,0.7478714915518033,0.03511263272655406,0.8980257070633236,0.9790281541277899,23.425285891438378,1.794190962077921,32.65173861024665,9.00376774944091,10.327143008923827,0.00761184166038704,0.16402375081839696,1.3965922650501408,1.3832622267280887,1.3057194725881967,1.4264224788819655,2,FREE
3.3399999999998538,14.170000000001401,0.3,0.4,2.854687452267962,0.7490043804335677,0.035081764177047524,0.9807099908211124,0.914720970611117,4.849121389717023,-7.648132615283437,32.786716476514165,9.757891461687462,14.299983513227653,0.13771492498103674,0.25906915668638303,2.815281184172996,2.1736052271218114,0.9755775303238398,1.114598038495395,2,FREE
3.3499999999998527,14.180000000001405,0.3,0.4,2.8574819109755656,0.7505807451124907,0.03500153259110489,0.9340635375287841,0.7992085123066791,-5.7230086073425035,-11.98486343767205,32.93500070996124,14.512417312784041,15.353652675204605,0.24086906115779189,0.3356401756931901,3.4687255301597473,2.6503580895663696,0.1802945412755236,0.31838815182672764,2,FREE
3.3599999999998515,14.190000000001408,0.3,0.4,2.8607620334295984,0.7525001239935722,0.034882877853832275,0.8235948141253447,0.6878312725578062,-11.633243566168849,-10.273410224384397,33.07137019931396,15.823374857746055,13.545050426554287,0.320184351784317,0.39021870711030093,3.5516255328507547,2.8954795482549467,-0.04721154837484502,0.05269259959731247,2,FREE
3.3699999999998504,14.200000000001411,0.3,0.4,2.864412470301872,0.7546910100547688,0.03473348320389602,0.7074937130430778,0.6178535841154158,-10.380311387523323,-5.629462765838986,33.18269862013782,13.806959089968101,10.741564038712708,0.38119400730423497,0.43391994803161954,3.3532593135422615,3.0239785711324414,-0.1527295540748404,-0.06554245164254617,2,FREE
3.3799999999998493,14.210000000001415,0.3,0.4,2.868387008887356,0.7571240012142144,0.034557144456911174,0.6275253094338319,0.6039642332000862,-6.69818217125921,0.017793543386072662,33.26772185814243,11.30202798786204,8.002773182644987,0.42446864082933594,0.4738448843120182,3.063022843307479,3.125654980654418,-0.1828933809607833,-0.08768476829938424,2,FREE
3.3899999999998482,14.220000000001418,0.3,0.4,2.8727123150180356,0.7598161383240569,0.03435400557768341,0.6020631702173381,0.6368953953901758,-1.604246701497946,4.371132762067642,33.33530401792417,9.117934367876732,6.330752387474589,0.4644856543143529,0.5183839560973756,3.012999755276419,3.339815520689435,0.11153968198709568,0.24771758629169144,2,FREE
3.399999999999847,14.230000000001422,0.3,0.4,2.8774609333119208,0.7628142225621445,0.03412177154032523,0.6277071091926593,0.6923647078693393,3.5892359975798,5.954815365346519,33.398689088540124,6.3993602719911395,6.191590365923414,0.5087097312664746,0.5729799701642295,3.238336456927774,3.679423395137324,0.30703071522728476,0.46116247244857744,2,FREE
3.409999999999846,14.240000000001425,0.3,0.4,2.8826235521775514,0.7661568695190388,0.03383636016833938,0.6809746219293404,0.7277741025260771,5.757138871809322,2.402268550801327,33.47137302066016,6.527862191239941,7.561381391168214,0.5605459598824584,0.6230092974123062,3.8242989521518473,4.0820042386297715,0.508668963284769,0.6833236519467913,2,FREE
3.419999999999845,14.250000000001428,0.3,0.4,2.888011739739189,0.7698462204261487,0.033428652504539774,0.7267953631111426,0.6709801181379299,3.915767630755997,-7.364530603511379,33.564570586786544,7.168456013898198,10.266463502819143,0.6161306268206096,0.6608134087313003,4.61176171009916,4.588505134650417,0.6938871710492602,0.8851161989947305,3,FREE
3.429999999999844,14.260000000001432,0.3,0.4,2.8938332625052627,0.7739470194902084,0.03300046025146236,0.6923607027041109,0.4668805853688389,-5.14416822659709,-23.416209091917946,33.6510279293725,9.03952144899904,8.861448916110497,0.6527499143180641,0.7252353497876396,5.09110716574552,5.25488606889648,0.786750990147151,0.9744264720039586,4,FREE
3.4399999999998427,14.270000000001435,0.3,0.4,2.900297115258092,0.7784339480017439,0.032637171989504075,0.5204973983931455,0.1353027456887896,-20.258280097672053,-34.501272312072196,33.72234455572545,8.679781383986523,7.858729347184827,0.711461008649157,0.8048513937401134,5.689661258348613,5.917469466041142,0.5767489095959671,0.7500670881928456,4,FREE
3.4499999999998416,14.280000000001438,0.3,0.4,2.907459087537408,0.7832631657762715,0.03231840233494219,0.2068761250304505,-0.2405097318514818,-34.12045620183696,-37.52021442579827,33.78721572315832,8.614823075835167,7.349929796559382,0.7872566661265904,0.8760830628888416,6.108333442824875,6.352503955601337,0.2052826386403585,0.37431803267263614,4,FREE
3.4599999999998405,14.290000000001442,0.3,0.4,2.9150484075200613,0.7882928344344036,0.032015737746875245,-0.16538524085717063,-0.583386138553268,-37.63556729033272,-32.543444744968305,33.85086371377809,6.990741566080409,7.2346750099148975,0.8645960056588958,0.9159099716050131,6.191328919488639,6.448616237582606,-0.24985298671685519,-0.06596785243770864,4,FREE
3.4699999999998394,14.300000000001445,0.3,0.4,2.922824155237093,0.7933940048670098,0.031716521879994644,-0.5210907547893557,-0.8241039996999091,-34.046908999895436,-21.585088330358698,33.91931645427812,7.814846554114574,7.519122568311847,0.9102014788661993,0.9322812287149034,6.038095484330002,6.320446844549535,-0.5740204528793393,-0.3616486194275752,4,FREE
3.4799999999998383,14.310000000001448,0.3,0.4,2.9307065041189273,0.7985363720891646,0.03141556565730105,-0.7856571834685873,-0.9419347857989011,-23.88000895439202,-9.157739997951044,33.996109682185875,7.834826982234953,8.107787116526842,0.9298912533443496,0.9427942510821267,5.8756891639212405,6.193052946921936,-0.48106714622200686,-0.25948011793150316,4,FREE
3.4899999999998372,14.320000000001452,0.3,0.4,2.9387446804361157,0.8037717179481235,0.031108132143339025,-0.9276505946937696,-0.9554326504469624,-12.088800566314921,0.5258016577366079,34.08237074989436,8.091781636739702,8.78841708101962,0.9390397501269929,0.9638158601417371,5.852050262456032,6.200527718912936,-0.24367021221272478,-0.04244839009912725,4,FREE
3.499999999999836,14.330000000001455,0.3,0.4,2.947107196946232,0.8092273419129349,0.030788553821374427,-0.9589973056345777,-0.9194820452193362,-0.9420540999777389,4.01761789199501,34.177067729395574,8.236634705269072,9.533270177374378,0.9575992596573962,1.0086870815958715,6.128983284853152,6.496346976260557,0.17077597168667014,0.37813943924984206,4,FREE
3.509999999999835,14.340000000001458,0.3,0.4,2.95603150452961,0.8150744294441626,0.030450519300075984,-0.9273004217768606,-0.9100777321039976,3.3461266693702254,0.5141776241027045,34.27963726045985,9.847755079329422,10.382799860785505,0.9970620555954234,1.0804867441503003,6.75305873933445,7.12014488097679,0.8503792710903356,1.0432471147039943,4,FREE
3.519999999999834,14.350000000001462,0.3,0.4,2.965714714704721,0.8214532494732562,0.030090693430819028,-0.9065718856598752,-0.9904534664847178,2.0499218895095654,-9.949843609020329,34.39275298934401,9.976365164709975,11.845409062448386,1.0645864607365987,1.178836450482224,7.65795393002131,7.9843123168943055,1.0822409542567086,1.270337567583214,3,FREE
3.529999999999833,14.360000000001465,0.3,0.4,2.9762779743626626,0.8284487188548453,0.0297090451714854,-0.9644842266026978,-1.2001606730060626,-6.580855094958455,-23.1785191463418,34.52052548890119,10.70094353101647,13.928881415322945,1.1558793057081296,1.287146970893576,8.874165166710654,8.926770275819552,1.1448131083481332,1.3228741787322784,2,FREE
3.5399999999998317,14.370000000001468,0.3,0.4,2.9876473123764034,0.8360235945382968,0.029291269719083017,-1.1485082696321343,-1.523351117388201,-21.685231262655176,-33.90978483372731,34.68434571430289,12.98708559274779,18.115559442927093,1.2661896079074768,1.3836584071973217,10.345611074912725,9.790217305837388,1.07934451469388,1.2560852448448891,2,FREE
3.5499999999998306,14.380000000001472,0.3,0.4,2.999738078770001,0.8441378302065147,0.028842626975609822,-1.4502134633694281,-1.9359646649430826,-31.488927163272376,-42.44253262742396,34.87308555903454,17.803964871567995,20.63209922162995,1.3635700114835374,1.4716644306190594,11.395318307097233,10.471034234783259,0.5048335245644021,0.6629651098054478,2,FREE
3.5599999999998295,14.390000000001475,0.3,0.4,3.012417240317575,0.8527134895332643,0.028370748459202778,-1.848255027335745,-2.3958493509966994,-41.32040873850242,-45.98028416914526,35.06473084846029,20.84605461624827,20.49622002012577,1.4531785050808166,1.5410298798303268,11.926544060570471,10.94174162716808,0.3029886791893446,0.4285909611696608,2,FREE
3.5699999999998284,14.400000000001478,0.3,0.4,3.0255728804891913,0.8616812924212045,0.027881605121237444,-2.3020351322050705,-2.8676025239257457,-46.221618443733746,-46.45135816906008,35.24358572829473,20.142518668407828,18.94604321111743,1.5281319656444763,1.5985879843686464,12.093385514686043,11.259590983475258,0.07297261515669173,0.16802594861791464,2,FREE
3.5799999999998273,14.410000000001482,0.3,0.4,3.039013137110127,0.870958757062376,0.027358320529243203,-2.7740246895084257,-3.3333343894269487,-47.320145461535986,-46.278717152276876,35.399439907329274,19.291074721739157,16.578174243091375,1.586873690416854,1.6304469739689915,11.979764402495018,11.346935465612967,-0.09487040409371968,-0.002136359012429187,2,FREE
3.589999999999826,14.420000000001485,0.3,0.4,3.052078623838863,0.880373158444957,0.02665443678002019,-3.2367716373900914,-3.8549608100337998,-44.24029167333203,-53.02309288051889,35.534370379350975,17.507292525769852,14.816867990734508,1.6361670675466888,1.5955384847804313,11.744353129781507,11.21088920028774,-0.21653903899441168,-0.10736445396817067,2,FREE
3.599999999999825,14.430000000001488,0.3,0.4,3.0646735276222747,0.8898716608022537,0.025722366071399643,-3.74554527143073,-4.44041290511165,-51.38151920950787,-59.479262605130984,35.65548337772384,15.20740211701786,13.692361091465356,1.6031375376616948,1.5586793616395342,11.504969974286563,11.09310282659119,-0.1557246246645741,-0.018158971719893058,2,FREE
3.609999999999824,14.440000000001492,0.3,0.4,3.076957432081388,0.8993785857369716,0.02484302391267059,-4.317794646339219,-5.111795859509125,-58.31539002823065,-68.57423523064124,35.73672612969039,14.159948326681848,8.63121322981325,1.5665010746282007,1.5341640810372466,11.03983538351775,10.988711909796328,-0.3842986767890192,-0.2328534075818639,4,FREE
3.619999999999823,14.450000000001495,0.3,0.4,3.088923581094877,0.9086292892589469,0.02428229243363706,-4.971484032374161,-5.832338318390626,-67.39791259398561,-72.26058431085993,35.76970216619028,10.251068692332106,4.330942439498025,1.5407677140836347,1.4882614375643755,10.642570632388352,10.599914147608425,-0.6865735354820895,-0.5295646825964043,4,FREE
3.629999999999822,14.460000000001498,0.3,0.4,3.1003647349567216,0.9174387711807858,0.023921893008519702,-5.687178318484502,-6.533409632914074,-71.52427871437786,-69.56857113714901,35.77938887479322,4.655084127086638,2.1307760938800597,1.499335433043319,1.4164801071195514,10.021375560906584,9.856223411943205,-1.4309452335963166,-1.214174756474857,4,FREE
3.6399999999998207,14.470000000001502,0.3,0.4,3.111044884115675,0.9256489749522484,0.023675507992773483,-6.398273222355956,-7.143025491023856,-70.8507295085385,-58.585102103317624,35.781913643621806,2.571356635494035,1.433995457636314,1.4325342650421296,1.3122700854362706,9.126610653662487,8.830940083706384,-1.7133688369665252,-1.4495719690373312,3,FREE
3.6499999999998196,14.480000000001505,0.3,0.4,3.120910938625531,0.9332343748647408,0.023472342252116116,-7.031528906860591,-7.641596867923717,-61.47799271587938,-47.61130290478986,35.817746647808114,2.1016011744002245,5.617024640215415,1.3371302324241898,1.2107462559175188,8.222707055251336,6.689106308272002,-1.9302775644823584,-1.62944630847293,2,FREE
3.6599999999998185,14.490000000001508,0.3,0.4,3.129974452347376,0.9402050489277797,0.02327675543963566,-7.550651960352666,-8.029265442081334,-50.133124034106736,-36.34952157986299,35.90759759702576,3.63044484315228,10.543203359513168,1.2322622481845067,1.1091048057567323,7.297585939049449,4.45529609699794,-1.9344178264617808,-1.629239597314277,2,FREE
3.6699999999998174,14.500000000001512,0.3,0.4,3.1382582384912654,0.9465773663859928,0.023077289769510595,-7.960662819505158,-8.314119705935006,-39.468310712468686,-26.216620575371373,36.03771730084149,9.349715714380933,14.044537484147556,1.1310466884545323,1.0116139598100784,6.477473694710774,2.4332029282362084,-1.643921629631045,-1.3676535916406436,2,FREE
3.6799999999998163,14.510000000001515,0.3,0.4,3.1458271986797737,0.9523975931595814,0.022865978471992964,-8.264386871607556,-8.518098765578767,-28.410537864069983,-18.744379974185286,36.189549973712694,13.417290495665487,15.59553477353953,1.0315924687455933,0.9238379390452494,5.7904503831317164,0.6653112286896051,-1.4358443830081795,-1.2241017526972169,2,FREE
3.689999999999815,14.520000000001518,0.3,0.4,3.152763154211599,0.9577230474921875,0.022637092479573816,-8.482379697688355,-8.668279658597855,-19.327694150263277,-14.008622089211638,36.34461788758725,14.793753101804311,15.437714438958555,0.941170704304041,0.8461018962548548,5.24552208634105,-0.8302580444050971,-1.22141045749762,-1.0562929518635666,2,FREE
3.699999999999814,14.530000000001522,0.3,0.4,3.1591455442545535,0.9626090140157658,0.022386841694261927,-8.64110229267573,-8.790931351058301,-14.59968628237683,-11.7111169290495,36.48820725429685,16.53430216476305,14.044693938127738,0.861656030150803,0.7772318450860553,4.813410887830772,-2.0829559498917956,-1.0703356044290646,-0.9303278004154447,2,FREE
3.709999999999813,14.540000000001525,0.3,0.4,3.1650336159872925,0.9670963117192783,0.02211338840969421,-8.76770810883149,-8.905580795737922,-12.02747070911482,-11.209398553016038,36.61146572868501,14.341813989591975,11.928242989485401,0.7911149972706858,0.7148873687723664,4.466202750885966,-3.151362370768833,-0.9157353084682791,-0.8089350830939044,2,FREE
3.719999999999812,14.550000000001528,0.3,0.4,3.1704549164283935,0.9712036548980995,0.0218170583488069,-8.882728368584397,-9.021257463565398,-11.805736194202554,-11.467894940148843,36.712440925082284,12.916103793321984,9.733939411920863,0.7277147483749904,0.6553235351493909,4.134744240397176,-4.165251617574367,-0.8966465693767518,-0.7694203788924385,2,FREE
3.729999999999811,14.560000000001532,0.3,0.4,3.1757160255420778,0.9750020154192077,0.02140340306750163,-8.997794539195679,-9.093558089289324,-11.235837102052658,-4.709951852500432,36.80714447254413,10.273373708902536,9.780359402561173,0.6680467177612426,0.635124166821653,3.902145968571035,-5.292130039516204,-0.9946263187164944,-0.855735829899351,2,FREE
3.7399999999998097,14.570000000001535,0.3,0.4,3.1812192961307146,0.9785794832831025,0.020705335352974086,-9.088612824686049,-9.040242221003913,-6.975350891270797,8.264028798568797,36.920856863517756,9.74220157020821,11.489733771104099,0.6347046727868808,0.6353234224246579,3.627618351851137,-6.595754578804614,-1.117472034815295,-0.9550166575989546,2,FREE
3.7499999999998086,14.580000000001538,0.3,0.4,3.1862794812417787,0.9814943976369522,0.019997587874639074,-9.061701320043,-8.682914014285073,6.176188378766799,46.546868872528776,36.89080759934703,12.00382345018636,-12.016032922028502,0.6355454289994502,0.5257570666065599,2.4485858359414023,-2.421885519862469,-1.0597050593215043,-0.8875279204878621,4,FREE
3.7599999999998075,14.590000000001542,0.3,0.4,3.1905074860343072,0.983759170001075,0.019814935050973075,-8.79230835480535,-7.965225314814604,36.400268166086725,76.10012604336737,36.691715892431255,-4.630774515046345,-22.897029937981287,0.5564424002208664,0.4571694532363826,1.6380892071766033,-0.29542909206619217,-0.6882690805335108,-0.5344663903616189,4,FREE
3.7699999999998064,14.600000000001545,0.3,0.4,3.1945792696219404,0.9859750657632484,0.01994503476800982,-8.125567512248445,-7.092168603133093,72.57514029574847,88.38208814024095,36.50085801459312,-21.855723109743025,-21.055160017367367,0.46274872043201526,0.46040026458249406,1.338130106710766,0.5939533901422224,-0.24659805504878296,-0.11469773303048703,3,FREE
3.7799999999998053,14.610000000001548,0.3,0.4,3.1990552389504576,0.9885505248587696,0.02020113593701326,-7.272634855128298,-6.234214761079478,87.17385682237767,82.74077534805876,36.380358722158434,-22.0202008292564,-12.558481358857069,0.45451034831488585,0.5324575994782993,2.4084077028695385,1.796574128122906,1.0205403057415965,1.4560957084942943,2,FREE
3.789999999999804,14.620000000001552,0.3,0.4,3.204506650697654,0.9918863486576155,0.020476713961851134,-6.395003510513524,-5.577157484221123,86.15477682731331,61.22548394660919,36.395823081336815,-14.49504104844933,2.000164932856654,0.5114361750268549,0.6631568168638721,5.138758583563102,3.523330668184304,2.3668159694978663,2.861382319658221,2,FREE
3.799999999999803,14.630000000001555,0.3,0.4,3.2112051538993023,0.9961682630893591,0.02072811625438142,-5.687322097317267,-5.210393138738345,66.34528595978382,31.231520010923198,36.56592316656063,-0.5483689872561419,18.803900025886367,0.6342870551944779,0.824759417341979,8.565383540080791,5.436288684096756,2.600466648677625,3.042440881153436,2,FREE
3.809999999999802,14.640000000001558,0.3,0.4,3.2192153000640986,1.0014526643917718,0.020945899714508234,-5.258263717879851,-5.157647384218727,37.602326732350356,0.818488408070512,36.88093050636201,15.103785955483911,33.898906035601975,0.789207044979111,0.9875582120062318,11.955957768729252,7.246118455913534,2.3464600889707845,2.6890336159864243,2,FREE
3.819999999999801,14.650000000001562,0.3,0.4,3.228387683385223,1.0076467932298383,0.02111901366727313,-5.144818759523228,-5.37077117358167,6.3268925601617125,-23.843939760500852,37.301555279693076,30.211518552002147,44.6848692243307,0.9552886454811764,1.1285195359895865,14.717130152933061,8.714983311585788,1.9298133959666106,2.138898690484291,2,FREE
3.8299999999998,14.660000000001565,0.3,0.4,3.238442257966984,1.0145633999189614,0.02123472400457782,-5.309899968855496,-5.757539095483089,-19.09948886763234,-39.46652551851968,37.77857565360844,42.69214389798209,50.51203893423054,1.1000723662673495,1.2353041621349665,16.27700641532705,9.603602859846228,0.6211269818272781,0.568571406425252,2,FREE
3.8399999999997987,14.670000000001568,0.3,0.4,3.249058272801493,1.021981428720485,0.021296079275627686,-5.671572368233955,-6.210757765225305,-36.537626568909374,-43.235841560308906,38.25967474967056,49.89985488345073,49.8269605162612,1.2143853618143399,1.298066752708769,16.72351381699971,9.975297602028736,0.015305648728786411,-0.1503196176859683,2,FREE
3.8499999999997976,14.680000000001572,0.3,0.4,3.259961474518838,1.029704957124165,0.02132192038214015,-6.120131644165438,-6.637412601793711,-44.2681889656523,-38.920720212619536,38.699544784961915,50.12097329958614,44.75842159532774,1.2890626162140717,1.3309309844040167,16.30775056013349,9.958893002792987,-0.4033277304336456,-0.6288566731899417,2,FREE
3.8599999999997965,14.690000000001575,0.3,0.4,3.270970867198416,1.037595821825143,0.02133170465603573,-6.557694900984672,-6.974827474106917,-41.205859801640656,-29.301060277763124,39.072244733197465,46.440316303115985,37.17186882874586,1.3262059851554209,1.344453002797994,15.282865590525864,9.702855544072545,-0.7407228001326234,-0.9912655530216825,1,FREE
3.8699999999997954,14.700000000001578,0.3,0.4,3.2819926800695405,1.0455597042400444,0.02131597737571181,-6.916693558031394,-7.187964716189111,-31.420462276427326,-16.76325538508274,39.3826867240773,38.86073579327704,30.746979473012107,1.3425535755315288,1.3469944194241181,14.028296271308871,9.404254903092594,-0.7755362508315637,-0.980886216001124,1,FREE
3.8799999999997943,14.710000000001582,0.3,0.4,3.292885905194703,1.0535886832367998,0.021265539593074593,-7.155225378536819,-7.305819773515436,-19.954432040312007,-8.966933588099334,39.64765211717121,31.212420330998196,26.249024309820932,1.3466405395563237,1.3348094817802068,13.028333025974844,9.12375976938137,-0.5583440972929204,-0.6940885415406425,1,FREE
3.889999999999793,14.720000000001585,0.3,0.4,3.3035127498308334,1.0617131734891798,0.021126813171495857,-7.285844278712984,-7.394077183758512,-9.554738403106816,-7.045509555687339,39.89407303421657,26.33437617676488,24.95568572771139,1.3381990155638275,1.3223594250227368,12.48231237675306,9.043783352180549,-0.25213463244159007,-0.319592822378862,1,FREE
3.899999999999792,14.730000000001588,0.3,0.4,3.314009712123662,1.0700356495243848,0.020881800808249237,-7.376339083366633,-7.50189175657663,-6.899487613172528,-9.782909715528328,40.152849603292935,24.61806877896207,26.979077898483734,1.3231531756635073,1.3264528818022967,12.46738061687231,9.217025468658747,0.06709925182798894,0.041182575618620806,1,FREE
3.909999999999791,14.740000000001592,0.3,0.4,3.3244864936636214,1.078645733427752,0.020513987858015,-7.476708790992301,-7.670372692643263,-8.479619349469068,-16.0042653205478,40.44916931693718,25.92807351191035,31.47074690174673,1.3243509481965179,1.3426635222296495,12.816206310458513,9.567016947526092,0.28398255950512974,0.315584502608105,1,FREE
3.91999999999979,14.750000000001595,0.3,0.4,3.33497442958147,1.0875712705908085,0.02000946632296543,-7.630880379141724,-7.911744245191652,-15.189213001939558,-22.967513446427436,40.79129830031185,31.417424814124473,36.55451339277586,1.3392044701173236,1.3610670213209923,13.153796031551444,9.908769133941778,0.2116013671654079,0.22570658907799712,1,FREE
3.9299999999997888,14.760000000001599,0.3,0.4,3.3454448522765015,1.0967915140151516,0.019359138913174815,-7.858007859267803,-8.216044124255502,-21.948729034463476,-28.63646920039032,41.17448372656444,35.27466806118873,40.81144874724084,1.3577178175523184,1.374305822672727,13.332298783196794,10.169765589210277,0.09625452486526327,0.08968688015005837,1,FREE
3.9399999999997877,14.770000000001602,0.3,0.4,3.355836786073981,1.1062578548340951,0.018558425089419354,-8.151031745331,-8.56107316383131,-28.95504464536234,-32.00809837594503,41.58712276756721,40.23174812987448,43.584659721862124,1.3724945339131893,1.3788532044395374,13.22148771568167,10.291440155904766,-0.1040000955957627,-0.14563582356242558,1,FREE
3.9499999999997866,14.780000000001605,0.3,0.4,3.366069667588816,1.1159029138515242,0.017616300427071286,-8.490088080817726,-8.916482931975025,-31.190577516976383,-32.87100229646151,42.007352022818466,43.440401946483306,43.77463442877417,1.3781731010755156,1.3743990932632586,12.744562115031032,10.193543851246595,-0.5145294176791324,-0.6498446201126591,2,FREE
3.9599999999997855,14.790000000001609,0.3,0.4,3.3760780636278582,1.1256690290842875,0.016584903061601923,-8.845773765136363,-9.255076228411028,-32.69029209256831,-30.867746906959525,42.38674800735717,44.1029606380274,38.526875548727794,1.3747711082226572,1.3603990396853085,11.95616092596427,9.916506759671579,-0.6145837080915838,-0.7704910712749292,2,FREE
3.9699999999997844,14.800000000001612,0.3,0.4,3.385814448203058,1.1354947921921374,0.0154564463161566,-9.189927241937829,-9.555940000057346,-31.445110275152366,-27.207403867747637,42.7127911549507,39.202273208673404,32.77115975964917,1.3641692079456842,1.3401143288328121,11.003472745943926,9.588456531196346,-0.7122830659797436,-0.89113837806485,2,FREE
3.9799999999997833,14.810000000001615,0.3,0.4,3.39525419244504,1.1453399379922709,0.01422916109239633,-9.499591464647128,-9.80752890025857,-28.296849393911046,-22.65890813581209,42.98383970026531,34.162212126640625,26.957466723321545,1.3449790147188936,1.3167004951758117,9.948975674520371,9.241736403990231,-0.7597257395438441,-0.9157896017025859,2,FREE
3.989999999999782,14.820000000001619,0.3,0.4,3.4044087276312127,1.1551939713947774,0.012915774721230797,-9.761262811982226,-10.01162124140918,-23.67925113048848,-18.39669918004121,43.206536196138465,27.445138342795097,22.009866461987073,1.321482998943549,1.294596699585969,8.892846637748976,8.94130093550789,-0.7659300278637402,-0.832889817493069,2,FREE
3.999999999999781,14.830000000001622,0.3,0.4,3.413305984768348,1.1650563103130822,0.011522883956524644,-9.974294894547329,-10.17518821428826,-18.637805151681633,-14.832730821038492,43.3938611166792,23.791979023032177,18.551221124152942,1.298199985420438,1.2752087749917462,7.87097612492223,8.703512045012532,-0.6999962582118898,-0.7100125012574688,2,FREE
4.00999999999978,14.840000000001625,0.3,0.4,3.421991028768282,1.174943008385757,0.010037987779638352,-10.145048123162796,-10.311357888670738,-15.9516661377553,-12.606341544659687,43.562611992274945,19.276380539518644,16.86794834301562,1.2789173201715154,1.2605052399100438,6.968842356641492,8.551433218957696,-0.6312554780967401,-0.5980266352780848,2,FREE
4.019999999999779,14.850000000001629,0.3,0.4,3.4305565284273127,1.184636772183812,0.00898703188539837,-10.285616632443642,-10.41833212146044,-13.497097959747098,-9.983345445000445,43.71007814810035,17.095900100627233,13.619713205192905,1.2632532188736911,1.2480277882777007,7.661893336834548,8.25055601107914,-0.6079394216426229,-0.5215284551937599,4,FREE
4.029999999999778,14.860000000001632,0.3,0.4,3.4392066610151666,1.1939912102676886,0.008604667113285823,-10.398072962531627,-10.514139189844116,-11.085233365602631,-9.13757116713104,43.799809810625405,14.460004356148021,8.000887066454803,1.249004201952351,1.2421091997637554,7.903753332497831,8.005168444611947,-0.5338293060371,-0.4153156055781513,4,FREE
4.039999999999777,14.870000000001635,0.3,0.4,3.447941666695169,1.2030601418300841,0.008475606862179488,-10.495840567165045,-10.599086360137449,-9.205926253814317,-8.234933704160259,43.84294273121437,8.971871343877414,3.606646372339936,1.2434668890103977,1.2325499252472472,7.957715609252237,7.82176707599696,-0.4258689127999633,-0.30075890891700785,3,FREE
4.049999999999776,14.880000000001639,0.3,0.4,3.456767003210151,1.2119125971732045,0.00835908627388916,-10.582571104732368,-10.681280066789398,-8.192735354918417,-8.29264050818002,43.85310631961258,4.232242843071124,0.8001281125156614,1.2342877881511978,1.224841648759117,7.970548867088824,7.542387265204512,-0.45980358829476775,-0.2809836191191608,2,FREE
4.059999999999775,14.890000000001642,0.3,0.4,3.4656902113208745,1.2205998911664449,0.008124937072861103,-10.664439703811258,-10.767203921123446,-7.439503601002953,-8.639309326790977,43.849741098588524,1.07132568288036,-0.3461087776772821,1.2262127682092157,1.217586752726075,7.9485265214145775,7.183725584417299,-0.48887335818214933,-0.24907402708990928,2,FREE
4.069999999999774,14.900000000001645,0.3,0.4,3.47469368038271,1.2291265045797333,0.00771728794057,-10.749907513818428,-10.85364374526437,-7.622871553277011,-8.669761813551046,43.836814175795894,-0.4919635863028549,-1.246951162254337,1.2197545595455768,1.208417164527445,7.907227658183931,6.868100726191292,-0.5037262630556749,-0.20759931086382846,2,FREE
4.079999999999773,14.910000000001649,0.3,0.4,3.4837178527958916,1.2374663040317093,0.007157319374207711,-10.836385253580746,-10.92777484292811,-7.468521372321411,-6.64331094397527,43.80885263740337,-1.2546415710296805,-3.220882941671664,1.2103384891753728,1.190371521158207,7.756299221900504,7.1059848491037565,-0.5725067009456154,-0.26702517742780085,3,FREE
4.089999999999772,14.920000000001652,0.3,0.4,3.492601975418469,1.245625785400393,0.006649325815491358,-10.91637406426838,-10.969935220276195,-8.490927304136205,-3.823482228181435,43.780902674022975,-2.537631646061846,-2.1994837050916227,1.1971482908306588,1.1709629605193375,7.564080308321762,7.37665676680831,-0.600516085521817,-0.28864017440746215,4,FREE
4.0999999999997705,14.930000000001655,0.3,0.4,3.501320116564522,1.2537166269142674,0.0062499296214635295,-10.963090314670414,-10.994808217929984,-4.633941632929276,-2.1358335123625656,43.785057918638785,-2.362134303655339,1.1817992775741144,1.1743229268506135,1.1570769698762755,7.383512648108893,7.432503768994244,-0.6282877701532082,-0.3069165789395244,4,FREE
4.109999999999769,14.940000000001659,0.3,0.4,3.5098835218231295,1.2617813014072936,0.005919317738956682,-10.991072870370806,-11.010319658309275,-2.7194182796429196,-1.2856986856384194,43.82139463541341,0.3170348723937308,4.180800917057928,1.1602532257178626,1.146187474124301,7.262922218607764,7.440641884561737,-0.5361527774588513,-0.20400071629837713,4,FREE
4.119999999999768,14.950000000001662,0.3,0.4,3.5183270089226206,1.2698383455468958,0.005612702516865244,-11.007516812850472,-11.024738209099457,-1.2312154018183992,-1.29441129373716,43.880027171065535,4.482535202309374,6.1507310326287294,1.1482928577120295,1.138224069413381,7.191603908218786,7.435749993055564,-0.46167487415589736,-0.1613728688806717,4,FREE
4.129999999999767,14.960000000001665,0.3,0.4,3.526685977743912,1.2779016617899803,0.005304959205992134,-11.021464188787386,-11.046234324492774,-0.9841927264132553,-2.114410975201828,43.95160805385453,5.957892031312077,7.285256286828357,1.1387003447122606,1.1331193646590634,7.163046216808508,7.439381651963334,-0.42550547622511786,-0.1520669414621882,4,FREE
4.139999999999766,14.970000000001669,0.3,0.4,3.534973911119613,1.2859665295284475,0.004985780533338927,-11.04112361536107,-11.076031334271399,-1.605189811478494,-2.837335640333247,44.02961680454373,7.403016260557388,7.82996679324667,1.133545365641749,1.1275300567973987,7.132161911908468,7.419856249453483,-0.4426423823084997,-0.19840957706565843,4,FREE
4.149999999999765,14.980000000001672,0.3,0.4,3.5431962088940674,1.2940222725051889,0.0046542579678249185,-11.069638122824605,-11.11309166697693,-3.340047135591949,-3.6442196320472307,44.109514772115084,8.388612064328035,7.974883954027445,1.127974113430254,1.1222201906534843,7.114280105777865,7.400976371742238,-0.43618819988699675,-0.21645781334218658,4,FREE
4.159999999999764,14.990000000001675,0.3,0.4,3.5513525504911327,1.302054217769052,0.004313685032113236,-11.105103097351709,-11.154764324534497,-3.6124618935520028,-3.935630804627181,44.18840645994691,7.777864872061823,7.833104283973844,1.1228184819984304,1.1149455103692727,7.069783040260286,7.348035565064425,-0.49775717318519397,-0.28810267892243335,4,FREE
4.169999999999763,15.000000000001679,0.3,0.4,3.5594212911771286,1.3100288112234484,0.003968716421162325,-11.146602609706791,-11.191126013654142,-4.273707459429696,-3.2021549883592053,44.26471649010867,7.268448179586853,7.537332628849769,1.1174533756597447,1.1038186875085296,6.987076200278879,7.253810308103086,-0.5375553802882631,-0.32567973246181586,4,FREE
4.179999999999762,15.010000000001682,0.3,0.4,3.567394553769005,1.317928925300311,0.0036235067835287257,-11.184676758447887,-11.217796739391472,-2.803736839809059,-2.2680361278780055,44.338027232574625,7.805589371962466,7.205329949455383,1.1064012631656355,1.091985731590354,6.903217262340319,7.158252526618807,-0.5240930927471418,-0.3123532098907854,4,FREE
4.189999999999761,15.020000000001685,0.3,0.4,3.5752618353255134,1.3257380371308545,0.0032806952335294967,-11.2131429899312,-11.229973964618996,-1.6674038155311615,-0.5868156642722602,44.40835251028484,7.8168142695288205,6.863227321344276,1.094743713743624,1.0773809787104416,6.783461402232097,7.0274139019926976,-0.540635279931359,-0.3260952991891819,4,FREE
4.1999999999997595,15.030000000001689,0.3,0.4,3.583028387881327,1.3334583285421253,0.002941798724312565,-11.228790389994366,-11.22912414188256,0.05198913763642292,0.5345182630799292,44.47637060314158,6.191510117834664,6.621274557927768,1.0805456499171577,1.064961286796125,6.684599998870593,6.921584525547032,-0.5683114509911102,-0.3457836952132527,4,FREE
4.209999999999758,15.040000000001692,0.3,0.4,3.590695371167547,1.3410902177666137,0.002607213624400806,-11.230340063252097,-11.215587811478166,0.3481782934549988,1.7735166834836247,44.543153100396665,6.897243511593954,6.480368258860344,1.067418390555238,1.0521528647451042,6.585775856598306,6.81917720948418,-0.542708696506301,-0.31608083946163446,4,FREE
4.219999999999757,15.050000000001695,0.3,0.4,3.5982775178343274,1.3486489689642633,0.002276809638196129,-11.219117340482244,-11.194850255924461,1.6364585938314857,2.3332274422281634,44.60924863119156,6.206680972604013,6.400248208671281,1.0549917776806752,1.0419621784157753,6.517348203016777,6.748827723470896,-0.4966749458833487,-0.27089986237897845,4,FREE
4.229999999999756,15.060000000001699,0.3,0.4,3.6056250415225954,1.356081942533398,0.0019571728476310804,-11.199222125294616,-11.206849608480788,3.115973895366181,-2.186146660000092,44.66025284098391,6.918898853610906,4.570069887580002,1.0442033217442168,1.0119273697156466,6.443640659563336,6.575217590881635,-0.4599388222930555,-0.23072512563983819,4,FREE
4.239999999999755,15.070000000001702,0.3,0.4,3.6126623725996208,1.363320151351433,0.0016555673765788488,-11.199924267239997,-11.276407632903062,0.2964019181700465,-8.088653219082863,44.68372942567955,5.130632582854564,1.9834979984720222,1.0196277599057497,0.9772471277919058,6.383099372865366,6.409975131516207,-0.41642205438149726,-0.1967111296364543,4,FREE
4.249999999999754,15.080000000001705,0.3,0.4,3.619421937611506,1.3703439721896837,0.0013782658507920465,-11.257575343140656,-11.406088997014203,-6.431558185410894,-14.089185770271962,44.677613648531015,2.3485111368707927,-0.7416630602940445,0.9842583848924898,0.9427455591387436,6.307889640355406,6.232349062994574,-0.49939796474212805,-0.2670190815853737,4,FREE
4.259999999999753,15.090000000001709,0.3,0.4,3.625864310987404,1.3770821136260853,0.0011261266550296042,-11.375868943199743,-11.576069182604448,-12.933193233486103,-17.519469464418172,44.64421334474614,-0.25385022240932936,-3.2588036506496008,0.9509102404619924,0.8982328023158173,6.099704881789756,5.9278664739726175,-0.7136157173322704,-0.4683644227460899,4,FREE
4.269999999999752,15.100000000001712,0.3,0.4,3.6318841517857283,1.3834058830409777,0.0008973529494152543,-11.540393713183212,-11.744079478119154,-16.858918907822314,-16.82064007782049,44.587674784026866,-2.690306667078134,-5.508149021245607,0.908984207346682,0.8379196636769443,5.673895183902339,5.407746996395547,-1.227552094730319,-0.9257414600455793,4,FREE
4.279999999999751,15.110000000001715,0.3,0.4,3.637365810554476,1.3891861122732456,0.00069911317176404,-11.71282462405712,-11.866129004128606,-17.51596873464639,-11.149457380965352,44.51488711324484,-5.335676893314233,-7.069289143842326,0.8509507677498589,0.7589711511345943,5.063922728407824,4.707117690529449,-1.4385245858477802,-1.1156776388550522,4,FREE
4.28999999999975,15.120000000001719,0.3,0.4,3.642211958213682,1.3943255213135877,0.0005395457702748235,-11.847465966984098,-11.907361651248841,-12.662426644773522,-2.4571614003060893,44.43484464437629,-7.115208276555353,-7.829037910398199,0.7774629143861339,0.668865417276872,4.323421168931216,3.8802613040165186,-1.5675371218028058,-1.2269147833008764,3,FREE
4.2999999999997485,15.130000000001722,0.3,0.4,3.646402849584189,1.3988083673758882,0.00041581436195302146,-11.906795579491611,-11.859829637437429,-4.593024556162833,5.924566483676903,44.36339874830029,-7.924166121442217,-6.461871342478175,0.6889537109688388,0.5813165371579838,3.6051011994995847,2.512875211638762,-1.6329644008902624,-1.2662740039405544,2,FREE
4.309999999999747,15.140000000001725,0.3,0.4,3.650045283969877,1.4027409727768156,0.0003116421225485607,-11.874315349810646,-11.756923479610434,4.866831780158714,11.331824084958846,44.32785962671521,-7.126670505484495,-3.0699525434166137,0.5973207721090923,0.5068318152437224,2.9934839458482063,0.9355885147839615,-1.4125010988603013,-1.0369961582415883,2,FREE
4.319999999999746,15.150000000001729,0.3,0.4,3.6531952577163564,1.4061692346364578,0.00022906112339705887,-11.781098103451138,-11.618014991109312,9.828653912996002,14.378764899199213,44.31505734132989,-3.732122379804044,-1.3101189935752875,0.5226723813712901,0.44065603807536485,2.5038861671943606,-0.3305923806341505,-1.2124637030180754,-0.8354437312193839,2,FREE
4.329999999999745,15.160000000001732,0.3,0.4,3.6559113816618996,1.4091485240126513,0.00016628349901882383,-11.647351321140272,-11.465004084755844,13.33478477929022,15.442824093183315,44.31063470254252,-2.0519206027118875,-0.7332457730168438,0.4530972229718354,0.38146333155454026,2.1003011519220722,-1.3914932828813416,-1.1374024789312978,-0.7975894279124691,2,FREE
4.339999999999744,15.170000000001735,0.3,0.4,3.658228120647185,1.4117136114824163,0.00011932391843060222,-11.49618198425375,-11.310642678964705,15.529110846672657,15.27511741254872,44.30646177108644,-0.9283148657583459,-0.8692777722713968,0.39431124950697294,0.3267177544697152,1.7666700270481848,-2.3201378583308276,-0.9956167784695615,-0.7041634663152623,2,FREE
4.349999999999743,15.180000000001739,0.3,0.4,3.660173988011964,1.4138941275845416,8.44202309392978e-05,-11.340947479412684,-11.165643797386874,15.046547428734092,14.245124464773118,44.29712687163017,-0.001740812147668028,-1.367648821141632,0.33792456746162153,0.2750416736669072,1.4618343634430078,-3.1743438871651177,-0.9708270733129791,-0.6923275985064248,2,FREE
4.359999999999742,15.190000000001742,0.3,0.4,3.661746917015776,1.415690314261602,5.859926580187156e-05,-11.19383955927742,-11.029288534879829,14.59799393909788,13.46376560071317,44.28377811318715,-1.515228324010405,-1.6817582333755137,0.28606048418881264,0.22250521990305905,1.1369264660758582,-4.074013552187516,-1.0093876921863152,-0.7299440392552856,2,FREE
4.369999999999741,15.200000000001745,0.3,0.4,3.662930672629677,1.4170879852966434,4.036442572334115e-05,-11.056124930302012,-10.895406844171319,14.164242625731081,13.411940682478695,44.26995086754205,-1.1241916690929887,-1.6248717237877879,0.2338699353496255,0.1673937500122956,0.7721260709798005,-5.06423272686849,-1.0855985597205087,-0.8043963435835116,2,FREE
4.37999999999974,15.210000000001749,0.3,0.4,3.6639075311146883,1.418113650814071,-5.400981171515644e-05,-10.922490380834894,-10.721279602972027,13.23568130283739,18.780443794504187,44.27034824541646,-1.3251000070330634,0.052491586256601316,0.1802570664063982,0.13077359998827476,0.40853116694362746,-6.237669792631982,-1.168758660513891,-0.8947934299566594,2,FREE
4.3899999999997386,15.220000000001752,0.3,0.4,3.6647774786464327,1.4187804563503836,-0.000295056387264373,-10.761594573757188,-10.473089417793458,17.482041480049606,26.409214721831795,44.294251004018065,-0.36298311443887626,2.1542705128701134,0.1383084032525071,0.0954416681175386,-0.00543808947518544,-7.526547744993887,-1.285497315963007,-1.011373498615147,2,FREE
4.3999999999997375,15.230000000001755,0.3,0.4,3.6653735878424327,1.4189413069418433,-0.0006569066378416217,-10.52915599966721,-10.100019426151192,25.880873199080547,42.11912680314885,44.302947159695904,1.6836237188612866,-2.8353116795748634,0.10297842859507493,0.025113041766547734,-0.8269784097463047,-6.458979826388991,-1.1937316764609804,-0.9215370100613669,3,FREE
4.409999999999736,15.240000000001759,0.3,0.4,3.665053168439744,1.41811663015485,-0.0008610761528441158,-10.200149101501184,-9.431420033930973,33.25764453351275,71.10094162673235,44.14976983483966,3.6587856861453303,-19.0429062269682,0.0647515521362113,-0.10379746200775401,-1.7865792580273734,-4.106266055524979,-1.0255777753893602,-0.774064604530895,4,FREE
4.419999999999735,15.250000000001762,0.3,0.4,3.6641470693472638,1.4168470247308955,-0.000864816436579727,-9.581745338249707,-8.61103988757285,67.28692999409142,83.37873522876929,43.99216561104071,-18.386902511034048,-17.394118770744278,-0.08542285301163315,-0.1605113343492563,-2.3220579536908645,-3.3796018667881578,-0.7530793294987248,-0.5325928294142099,4,FREE
4.429999999999734,15.260000000001765,0.3,0.4,3.663033183396208,1.415530981774132,-0.0007736819143015947,-8.781875920263978,-7.76860687012205,82.06811024847202,84.18962082147594,43.887334666133604,-18.674601495810336,-11.948333602946612,-0.1519276110755499,-0.17120130488114674,-2.2862855300169507,-2.7977070071389787,0.49741575601221755,0.9363666065619912,4,FREE
4.439999999999733,15.270000000001769,0.3,0.4,3.662164485126496,1.414576802045519,-0.0006648482956593992,-7.9315820798282,-7.0555497448445745,85.08710819338123,67.43078135138013,43.83806256613464,-12.757649131813258,-6.045156770667362,-0.1711425084753722,-0.11343499913612735,-1.6290969870739382,-1.8445007063538217,0.9934630156209472,1.4283828790183828,4,FREE
4.449999999999732,15.280000000001772,0.3,0.4,3.661864528912558,1.4142568755077538,-0.0005822914846684889,-7.181399870481029,-6.577101338681778,71.74848315151803,42.4279661105136,43.82874126728576,-7.207192094767197,-1.651552580747619,-0.1298989986987454,-0.022997562939427493,-0.6327154809224781,-0.6798776776612597,1.2958303340139916,1.6940207275294035,4,FREE
4.459999999999731,15.290000000001776,0.3,0.4,3.662256854750752,1.4146581254758124,-0.0005455880173437072,-6.650891667384388,-6.36947656044482,48.04694911403379,15.526824380280113,43.84320250102548,-3.206052548523393,1.299899359888669,-0.04455738425480439,0.07544254172175982,0.4113604370420074,0.46325943640988215,1.2342992816650975,1.5839887528307992,4,FREE
4.46999999999973,15.300000000001779,0.3,0.4,3.663240477805067,1.4156593704405291,-0.0005546747302411277,-6.389868959251577,-6.390974727620327,21.600261864059746,-6.675936494161473,43.87035035187126,0.2746162778420909,3.0933529206231034,0.05505048405546182,0.15613233836637866,1.1566947511227417,1.2653356344890565,0.3474091114527288,0.6195230279269576,4,FREE
4.479999999999729,15.310000000001782,0.3,0.4,3.6645397631207786,1.416976665814316,-0.0005967494997968265,-6.372758607777446,-6.539121539265247,-2.903504149448823,-16.16598380796176,43.90482011038911,2.3477317979454297,4.056194070246049,0.13939269569606444,0.18802189015133308,1.407175158399035,1.5490160014176897,-0.32042322734782436,-0.07471230928823569,4,FREE
4.4899999999997275,15.320000000001786,0.3,0.4,3.665801884904411,1.4182552451810209,-0.0006529930276754414,-6.50620402569459,-6.684910457252898,-16.043425415329438,-13.019074312721997,43.94486064717675,4.014774755697213,4.493564053162111,0.18763387231976666,0.1713477640400222,1.1424765567349384,1.300339542315398,-0.9392544175371311,-0.7190201400021836,4,FREE
4.499999999999726,15.330000000001789,0.3,0.4,3.6666992446429614,1.4191684471768642,-0.0007039629671799356,-6.662259596872525,-6.709222559873808,-15.515991469123641,1.2484976095967482,43.991051639542476,4.461228641603028,4.701164955045472,0.17994024099743167,0.11203246699419384,0.42959688938559104,0.5968291795874003,-1.482770141654543,-1.2539983202329148,4,FREE
4.509999999999725,15.340000000001792,0.3,0.4,3.6670267536723182,1.4195123127558384,-0.0007339012671809031,-6.718501028848235,-6.537590714577517,-2.240546613777278,21.463388345851524,44.04462077246273,5.128797952642253,4.809841439362545,0.12773170885390947,0.02998566034076169,-0.4842392465384881,-0.3129663336729822,-1.7123162926027813,-1.4996404076428382,4,FREE
4.519999999999724,15.350000000001796,0.3,0.4,3.666749214890267,1.4192514752628178,-0.0007344549866862766,-6.588812256937766,-6.156991680520009,16.846633294470823,42.21228737395844,44.1051051672785,5.001308986806921,4.845790230783206,0.0479172686465445,-0.05403726802285602,-1.345461364174553,-1.1725055733675156,-1.440574842999973,-1.2327996271685484,4,FREE
4.529999999999723,15.360000000001799,0.3,0.4,3.666003941956007,1.418521438604782,-0.0007064472140225997,-6.248052473190167,-5.6166799361077215,37.877944937421745,56.37338837915017,44.170788421376635,5.44353623260059,4.881551988295708,-0.03898461258226513,-0.1126717856195635,-1.8887851656655401,-1.7140261148530767,-0.9107552809845078,-0.7009669802674113,4,FREE
4.539999999999722,15.370000000001802,0.3,0.4,3.6650632189703445,1.417591259465557,-0.0006602640469894478,-5.732765684770028,-5.014500043660444,54.140085516863074,60.55625199781772,44.23857846390102,5.37330701855799,4.894845319559383,-0.1047649975586828,-0.1327015232362135,-2.0073800024191972,-1.8327324348797922,-0.3644503230880778,-0.16930011527689762,4,FREE
4.549999999999721,15.380000000001806,0.3,0.4,3.664232413099459,1.4167634210668159,-0.0006116981401841754,-5.135607583707907,-4.460142365563406,59.9388119267311,54.30383891505739,44.304358833041924,4.803328084302893,4.837999615910091,-0.13130023748611855,-0.11213378241678897,-1.6168281726101195,-1.445590252759025,0.6788741166926874,0.8492798917783492,4,FREE
4.55999999999972,15.390000000001809,0.3,0.4,3.6637691823241143,1.4162943256944263,-0.0005766300096758573,-4.562255782425009,-4.046171810445064,56.37475192445683,38.18769470507703,44.36504456084325,5.352636087902443,4.76495049419796,-0.11784897903920827,-0.053051389198052384,-0.9187455510918858,-0.750028581028531,0.9210226928373926,1.101830355432921,4,FREE
4.569999999999719,15.400000000001812,0.3,0.4,3.6638026708103033,1.4163142251615575,-0.0005654433036439647,-4.114538060951105,-3.8189159982909295,42.391775928287124,19.076118128601,44.419690697027804,4.953811128902701,4.736344433227124,-0.06759750881030009,0.018024977530338847,-0.1330711558639081,0.03349753474510017,0.9194111422110379,1.0849258174563194,4,FREE
4.579999999999718,15.410000000001816,0.3,0.4,3.664325321432597,1.416818215144155,-0.0005805379690999801,-3.849173583612609,-3.7754663245964903,22.74276227199406,0.9941939440133447,44.4682981193033,5.248297685755492,4.71546643534735,0.003164506188965188,0.08536599383055848,0.5950630068429204,0.761181892548321,0.8238037572797771,1.000032564635761,4,FREE
4.5899999999997165,15.420000000001819,0.3,0.4,3.6651973421939377,1.4176700834105116,-0.00061693019576881,-3.770174923780191,-3.8652294443061823,4.82719793763874,-11.37193715488252,44.51320320314948,5.201027255674715,4.769841203732865,0.07156906377352612,0.13070614962606183,0.9676891895441577,1.1362481731456426,-0.08163515479824722,0.10147614037344697,4,FREE
4.599999999999715,15.430000000001822,0.3,0.4,3.6661623848045157,1.4186170874457622,-0.0006634988287932069,-3.8409889931068877,-3.9953362727708224,-9.390674875485358,-12.858567113884076,44.55727436422966,4.401381833134754,4.805807499305301,0.12234744007553837,0.13404794287084898,0.9393920010448525,1.1099922599463348,-0.5652679732679109,-0.37425102446573233,4,FREE
4.609999999999714,15.440000000001826,0.3,0.4,3.666961329335157,1.4194022602111813,-0.0007074486678545495,-3.9711951160476073,-4.071798933797464,-13.022643681202792,-5.480328084954125,44.60362133423735,5.026833471936436,4.873681935575239,0.1382056598460373,0.10315519815775681,0.5476222603694166,0.7213475369945903,-0.9940740067432287,-0.7954561420095042,4,FREE
4.619999999999713,15.450000000001829,0.3,0.4,3.667395642188352,1.4198274218831408,-0.000737498892131562,-4.065125040779685,-4.022377816439694,-8.08451080495842,8.09335444123364,44.654826998316786,4.36501094262855,4.976777354320518,0.11274224844315613,0.04837584181947026,-0.07303635288616475,0.10499167270965942,-1.218475620168842,-1.0078823012922868,4,FREE
4.629999999999712,15.460000000001832,0.3,0.4,3.6673730308753685,1.4197990196582313,-0.000746472785405985,-4.044243824438255,-3.81311497410444,5.203057993115334,24.593256577250635,44.71179454566369,4.488051695430226,5.041689709338634,0.06130285912536727,-0.017632015024952277,-0.7710128286947764,-0.591105478759914,-1.1371472691601665,-0.9308043666605557,4,FREE
4.639999999999711,15.470000000001836,0.3,0.4,3.666950874997098,1.4193722734788203,-0.0007336091694601532,-3.8674940818184886,-3.464271104369122,21.241503425553333,37.41782598075233,44.7734834645896,5.207403252525739,5.075901137953523,-0.0037588674734690846,-0.06937776339637625,-1.2744604209286186,-1.0940411556578913,-0.8047942432115223,-0.6035295219562307,4,FREE
4.64999999999971,15.480000000001839,0.3,0.4,3.666302642902528,1.4187187741119374,-0.0007050067391446499,-3.542227102906413,-3.038245227300902,34.540865867304035,43.451772246534176,44.83747064089431,4.807949769546348,5.054529550760974,-0.062036916403702375,-0.09474004411912192,-1.475656074730557,-1.296924972944901,-0.37777162115971424,-0.18503099596261502,4,FREE
4.659999999999709,15.490000000001842,0.3,0.4,3.6656519070977116,1.4180613428015345,-0.0006713222167263203,-3.1256155183812844,-2.615716012274496,43.07272390474125,41.50267809291737,44.900694143992254,4.780509877346753,4.981380614764779,-0.09215174135844109,-0.08899656387770266,-1.3392359438419688,-1.1639504971588304,0.04883263253439862,0.23308331168612662,4,FREE
4.669999999999708,15.500000000001846,0.3,0.4,3.6652158819489675,1.4176177618011012,-0.0006444118023899545,-2.6965415457196795,-2.275242350046873,42.13606962816668,32.30771933363016,44.96063384548006,5.125907443436989,4.9175730131448905,-0.09313240018973859,-0.054926527484914354,-0.8728327236070977,-0.7004385023918114,0.6621911738807208,0.8402749903630257,4,FREE
4.679999999999707,15.510000000001849,0.3,0.4,3.665138082071199,1.4175329525987537,-0.0006333152467325446,-2.333819207047556,-2.0687315232484242,34.14108615691561,17.89826975414036,45.01561336574494,5.095246522756217,4.833295921391371,-0.06273754487061416,-0.000409395759530696,-0.26471392764253165,-0.095463060850905,0.7162375827882612,0.8946644871137255,4,FREE
4.6899999999997055,15.520000000001852,0.3,0.4,3.6654509726159534,1.4178408442858785,-0.0006415348327331002,-2.0981878189532366,-2.0077924914447514,20.4790334897644,3.495480302897221,45.065359284404344,4.705727445305407,4.764644131048964,-0.01205027403382588,0.05428006342419699,0.31892286966608807,0.48567405054526575,0.6181520442968689,0.7929870491422919,4,FREE
4.699999999999704,15.530000000001856,0.3,0.4,3.6660748702430124,1.4184625100700214,-0.0006665740913438949,-2.0091214655434495,-2.0632518129496615,5.793126669162297,-7.165895850561808,45.11123856560857,4.8332160846751115,4.7645346291893675,0.04302593456316425,0.09457242812324802,0.7158836387821566,0.8838500740505569,0.324540971476,0.5176152463480199,4,FREE
4.709999999999703,15.540000000001859,0.3,0.4,3.666835139721779,1.4192227884476902,-0.00070102198877161,-2.0451038637157297,-2.1712644753931345,-4.92476152280736,-11.556222113012373,45.15567773949452,4.95511385397104,4.775051312174923,0.08732125430135426,0.11059550479966063,0.7885411796244317,0.9572539472745285,-0.3974249285189471,-0.20512032411575282,4,FREE
4.719999999999702,15.550000000001862,0.3,0.4,3.667548326931094,1.4199287911162868,-0.0007360393611446073,-2.1489795588427194,-2.258155834076862,-10.832811059002854,-7.828552808889895,45.20144540294866,3.9274412529828986,4.807108799064065,0.10806080711767745,0.09519697856394056,0.5900189068895276,0.769728041746436,-0.6909442261003429,-0.4923348373370815,4,FREE
4.729999999999701,15.560000000001866,0.3,0.4,3.6682621810325795,1.4205072320390821,-0.0007657017324657348,-2.247361948677469,-2.2274086507034117,-9.477559885095877,6.334719614525614,45.2596308113245,4.793863592317753,5.936884783718077,0.10069511677648471,0.08895014603847815,0.2396876666389059,0.47173410707746233,-0.8780060666464875,-0.6902518214159268,4,FREE
4.7399999999997,15.570000000001869,0.3,0.4,3.66892601840826,1.4209159979150112,-0.0007746684745256199,-2.2460882445388215,-2.0315646452208065,2.3928642633650936,23.351952139927032,45.33515744354016,5.69050789790286,7.1716716986266,0.09164230049634003,0.07170471441287386,-0.22812238182152056,0.07119390205462699,-0.9868475701718079,-0.7888925527107348,4,FREE
4.749999999999699,15.580000000001872,0.3,0.4,3.6695230127891314,1.4211738583360891,-0.0007423038072555711,-2.0848130952940593,-1.6707181612898958,20.60368170684578,39.86819507585737,45.42701747653264,7.0794429091542455,8.155358191343439,0.07572557401713317,0.05658008314740361,-0.6108306652239439,-0.2299575744284546,-0.48736182437788306,-0.3015145908792383,4,FREE
4.759999999999698,15.590000000001876,0.3,0.4,3.6702129124274365,1.4214596032095153,-0.0006686011454634086,-1.7537922967881958,-1.2063168676497507,35.73542218494118,48.09393971115283,45.531790192004834,7.993856026862208,9.078463162220785,0.05991868178376034,0.07352657747472642,-0.6092915448228959,-0.17678603769622694,0.04928473318095286,0.22092316175218504,3,FREE
4.769999999999697,15.600000000001879,0.3,0.4,3.6712449905238493,1.4220390267849001,-0.0005707370750526057,-1.302494784344733,-0.7328218816950263,48.1751128979318,46.93484943183696,45.65062617378807,9.632826199549772,10.620479747622776,0.06521980325187332,0.12650455384843987,-0.0427072400955697,0.2741532149080489,0.5896337556023536,0.7370110384680286,2,FREE
4.779999999999696,15.610000000001882,0.3,0.4,3.672831425162462,1.4231374976249898,-0.00045790599371930285,-0.8237433071304605,-0.3337480163845658,48.26360259184134,38.22761769583294,45.80112800538627,10.116479087876238,14.566882826061937,0.11239201424886587,0.20732626209740912,1.3428538467280533,1.0695935509095316,1.1077798908811554,1.2492917888824309,2,FREE
4.7899999999996945,15.620000000001886,0.3,0.4,3.67511100847199,1.4249038036082005,-0.00033327142790822177,-0.404588329466726,-0.0659137871714778,40.34926548234993,24.792080849581815,46.00128173749137,13.881795393585884,20.06307271646659,0.18893311773556357,0.3053013120820429,3.2846985839469833,2.0688511333522843,1.5328948010498102,1.6556952027851,2,FREE
4.799999999999693,15.630000000001889,0.3,0.4,3.678136464932286,1.4274015337647055,-0.0002006085618318526,-0.10752951871780878,0.04766068663139711,27.43875456556161,9.29299580951649,46.25175775266863,18.3347723077546,25.62870594033931,0.2831697255317577,0.41065746124688407,5.356023033053729,3.0923714495998222,1.4700718226632024,1.5731363581442843,2,FREE
4.809999999999692,15.640000000001892,0.3,0.4,3.6818783225712965,1.430613948264496,-6.202540227700191e-05,0.0371806311157964,0.01582457304497254,12.403610267800062,-4.538100286808366,46.53950172294581,25.108640817222504,29.5397917634855,0.3902155023423969,0.5097583229757054,7.216593887283562,3.9993867303967154,1.2937508288275725,1.3522370125275454,2,FREE
4.819999999999691,15.650000000001896,0.3,0.4,3.6862453739601246,1.4344618235916058,8.219734015170564e-05,0.03244024265834527,-0.12846662214159035,-0.9118053849462079,-14.844762281691127,46.843774547360944,29.790875572424053,31.225563022529265,0.4898214325628486,0.5956899953306196,8.668503944529792,4.711116002272995,1.0252506653850297,1.0371370411965077,2,FREE
4.82999999999969,15.660000000001899,0.3,0.4,3.691109200667053,1.4388244769581056,0.00023311576008435417,-0.09239174197593034,-0.3369377787995305,-13.388181492361035,-20.541249373471867,47.14164317011892,30.61060836031736,30.607695289778466,0.5787262599119234,0.6644447983172374,9.51329239626139,5.154214144363753,0.4427445311644114,0.37243069351784247,2,FREE
4.839999999999689,15.670000000001902,0.3,0.4,3.696351422973481,1.4435861824424476,0.00039270761270268184,-0.2924076179034511,-0.5644853208936675,-19.603647071834526,-21.412550094731632,47.41596788488781,30.928838031271788,27.947109306057474,0.6502363856088721,0.7152022578219221,9.898889802251547,5.406751396433605,0.14734412639931094,0.08117015334795395,2,FREE
4.849999999999688,15.680000000001906,0.3,0.4,3.701871227643913,1.4486440436094874,0.0005635716654693857,-0.5196809624001878,-0.7717772324645468,-21.43070939503502,-18.740684299526393,47.65561038936848,28.4795477839921,24.20306287991195,0.706738107763144,0.7527599236331431,9.876170039268418,5.508536981624449,-0.04437668906795627,-0.11157662028543419,2,FREE
4.859999999999687,15.690000000001909,0.3,0.4,3.707610237162572,1.45393540014157,0.0007486657252048877,-0.7334424605406996,-0.9358355705501751,-20.29998742383971,-14.325160865903458,47.85795716876069,25.173958351262105,20.32942604798812,0.7465132452166708,0.7836672896378704,9.670787559471814,5.5519802049440905,-0.11305453879900496,-0.174064135354989,2,FREE
4.869999999999686,15.700000000001912,0.3,0.4,3.713548129365381,1.45944738387911,0.0009468029636055017,-0.9068913909800916,-1.056301825277895,-15.001157203515158,-9.981380876971667,48.02878065339058,20.93589297075493,17.117164685404916,0.7777013925132265,0.8145987053790102,9.491251854904649,5.606306924085337,-0.0658455928086402,-0.06737414996760828,2,FREE
4.879999999999685,15.710000000001916,0.3,0.4,3.719441475219125,1.4651437746592317,0.0010658091692290713,-1.034097929131129,-1.1738974791974492,-11.481007409327715,-11.147755389698688,48.17782315244583,18.150996459048404,15.300590246926307,0.8082177462161803,0.8187795504608937,9.46410162175839,5.651978370556562,0.09149582313381927,0.14246223257442264,2,FREE
4.8899999999996835,15.720000000001919,0.3,0.4,3.72526428841888,1.471057750975862,0.0010533386859284048,-1.1485789289299329,-1.3222440370003499,-10.168339962094915,-14.75870112699659,48.3202179738773,14.310207890023284,15.206202730463566,0.8159411583555795,0.8317753425268828,9.683890728271368,5.819767556146306,0.2262417874728836,0.287272758812396,2,FREE
4.899999999999682,15.730000000001922,0.3,0.4,3.731067111389886,1.4772353004638707,0.000895320848554917,-1.2889953981368583,-1.5208442378351388,-13.007360003567573,-20.01889658083627,48.466409389276684,14.531572795463584,16.08355892476016,0.8287408793948179,0.8506330613009715,10.055701799667544,6.062462207127305,0.2938229419472923,0.3850133273460986,2,FREE
4.909999999999681,15.740000000001926,0.3,0.4,3.736867554102558,1.4836924835395315,0.000585570465985465,-1.4765062675123928,-1.7763375475645804,-18.62345426473632,-25.67549119256498,48.61947477105576,16.522315299180647,17.13339677003789,0.8468128042377648,0.8708252509989323,10.379195645432915,6.300000539826493,0.1885739290668146,0.3088479752461468,2,FREE
4.91999999999968,15.75000000000193,0.3,0.4,3.7426471917506694,1.4904080106510957,0.0001230498264385257,-1.720930024802083,-2.0806914531507137,-24.674895593748264,-30.225634707273855,48.77505711075161,17.06168658348525,17.471690652819703,0.8663864853207481,0.8867967842970164,10.529355960699679,6.464451428227684,0.01714455332776907,0.13861347535842908,2,FREE
4.929999999999679,15.760000000001932,0.3,0.4,3.748355782839213,1.497324679193355,-0.0004894606282865019,-2.0169484948445224,-2.4123402439279054,-29.77202611658322,-32.4675457930016,48.92292138646436,17.326924798200054,16.501748656241332,0.8845795182840033,0.8941628377594899,10.382405625859532,6.504178868104105,-0.16700384049412856,-0.05904158270471501,2,FREE
4.939999999999678,15.770000000001936,0.3,0.4,3.753934595250176,1.5043739700117742,-0.001246180981929606,-2.345163689124211,-2.745994570261581,-33.04650266480306,-32.386906873940404,49.05162032984457,16.532210327241827,14.280122009547444,0.8933777397459437,0.8928313717839198,9.959400405532241,6.427453085265201,-0.3233504040450036,-0.22820958336135497,2,FREE
4.949999999999677,15.78000000000194,0.3,0.4,3.759330872813852,1.511489017339607,-0.002134566397652689,-2.6800382565512373,-3.058206730614888,-32.599707515705354,-30.152329161397862,49.15275873787505,15.43615258534593,11.217610613365121,0.8937079923723248,0.8834708479658796,9.22037978985324,6.236338497972948,-0.6299177146738821,-0.5229060298773853,2,FREE
4.959999999999676,15.790000000001942,0.3,0.4,3.7645079200340814,1.5186149297754887,-0.003137170664744759,-2.998467946626138,-3.3315339195748486,-30.037473103536332,-26.119718331737413,49.224442794530745,11.467572451102749,7.909019448267432,0.8863343290816522,0.8674368824912532,8.320624433401425,6.003450560278273,-0.6544171413414341,-0.5395071341192215,2,FREE
4.969999999999675,15.800000000001946,0.3,0.4,3.7694624611187013,1.5257313088434556,-0.004244542217480996,-3.2802976830394326,-3.562264752900534,-27.0640637979995,-22.01791913683262,49.27213254590762,8.556671833616106,5.331753295811693,0.8707339893514207,0.8509660081197397,7.393006199602931,5.785687781343862,-0.6699892613452613,-0.5275962952381604,2,FREE
4.979999999999674,15.81000000000195,0.3,0.4,3.7742201081393594,1.532836308768477,-0.005441512435174235,-3.519457898378778,-3.75550514178134,-22.108796382713958,-18.40203405892532,49.30289311524209,6.372292244532881,3.7502384377832962,0.854065473361746,0.8361019904765127,6.4693733250355265,5.6222325719466175,-0.6359202616539715,-0.4604254058428662,3,FREE
4.9899999999996725,15.820000000001953,0.3,0.4,3.779034515460091,1.5398154410472842,-0.0061542295849069915,-3.718683662003194,-3.9353878326392984,-18.81030731320111,-17.703180587380643,49.29501515100039,4.697695979807458,-1.008980749376847,0.8390844859361685,0.8356259327071206,5.892579448017452,5.489830221397837,-0.5028799370367764,-0.2849521872721881,4,FREE
4.999999999999671,15.830000000001956,0.3,0.4,3.7840151589092845,1.5465485745951375,-0.006367984862208938,-3.9003026417747764,-4.101902427800809,-18.551576786184576,-16.40893276550869,49.26671176444803,-0.4792945641103933,-2.5421684888349625,0.8367113441512368,0.8302517133270155,5.6402296341653795,5.375837369634901,-0.45420260960629566,-0.22390262048947338,4,FREE
